{
  "features": [
    {
      "type": "Feature",
      "properties": {
        "Notes": "",
        "Place Name": "Seleucia",
        "first": "Acts.13.3",
        "Place ID": "Acts.20.13",
        "anchor": "top-right",
        "Source Link": "http://imperium.ahlfeldt.se/places/21501"
      },
      "geometry": {
        "coordinates": [
          35.93815,
          36.11705
        ],
        "type": "Point"
      },
      "id": "0084f53693770eb57af1967450b00d32"
    },
    {
      "type": "Feature",
      "properties": {
        "Notes": "",
        "Place Name": "Philippi",
        "second": "Acts.16.12",
        "Place ID": "942",
        "third": "Acts.20.6",
        "anchor": "bottom-left",
        "Source Link": "http://imperium.ahlfeldt.se/places/21892"
      },
      "geometry": {
        "coordinates": [
          24.28409,
          41.01316
        ],
        "type": "Point"
      },
      "id": "00c2d7854217fa653f03225fc34b8c01"
    },
    {
      "type": "Feature",
      "properties": {
        "Notes": "",
        "Place Name": "Salamis",
        "first": "Acts.13.5",
        "Place ID": "Acts.21.1",
        "anchor": "left",
        "Source Link": "http://dare.ht.lu.se/places/22716"
      },
      "geometry": {
        "coordinates": [
          33.90294,
          35.17926
        ],
        "type": "Point"
      },
      "id": "03787e32dbac9d4aeb617e8ffd4947cd"
    },
    {
      "type": "Feature",
      "properties": {
        "route_id": 2
      },
      "geometry": {
        "coordinates": [
          [
            23.469685,
            40.623703
          ],
          [
            23.48566,
            40.65714
          ],
          [
            23.45353,
            40.661889
          ],
          [
            23.419451,
            40.656833
          ],
          [
            23.372729,
            40.663686
          ],
          [
            23.358469,
            40.669029
          ],
          [
            23.32992,
            40.66784
          ],
          [
            23.30969,
            40.66308
          ],
          [
            23.291849,
            40.65833
          ],
          [
            23.27519,
            40.64881
          ],
          [
            23.249019,
            40.64286
          ],
          [
            23.231169,
            40.64048
          ],
          [
            23.20738,
            40.645239
          ],
          [
            23.18953,
            40.64881
          ],
          [
            23.15027,
            40.664269
          ],
          [
            23.12648,
            40.67022
          ],
          [
            23.10268,
            40.67617
          ],
          [
            23.07413,
            40.6964
          ],
          [
            23.06342,
            40.711859
          ],
          [
            23.044379,
            40.72138
          ],
          [
            23.02892,
            40.73328
          ],
          [
            23.00869,
            40.73923
          ],
          [
            22.99442,
            40.73328
          ],
          [
            22.982519,
            40.71067
          ],
          [
            22.97062,
            40.69045
          ],
          [
            22.9611,
            40.67022
          ],
          [
            22.9611,
            40.64643
          ],
          [
            22.95541,
            40.64061
          ],
          [
            22.949569,
            40.630282
          ]
        ],
        "type": "LineString"
      },
      "id": "0d18dd832578223c9da7f60a083e524a"
    },
    {
      "type": "Feature",
      "properties": {
        "route_id": 1,
        "offset": -2
      },
      "geometry": {
        "coordinates": [
          [
            32.348169,
            37.591609
          ],
          [
            32.358289,
            37.60826
          ],
          [
            32.375158,
            37.635689
          ],
          [
            32.391928,
            37.665999
          ],
          [
            32.402879,
            37.69134
          ],
          [
            32.41661,
            37.720639
          ],
          [
            32.445549,
            37.761169
          ],
          [
            32.463459,
            37.79121
          ],
          [
            32.470019,
            37.816849
          ],
          [
            32.489779,
            37.83472
          ],
          [
            32.50437,
            37.85346
          ],
          [
            32.512864,
            37.868188
          ],
          [
            32.496862,
            37.868981
          ],
          [
            32.492175,
            37.869197
          ],
          [
            32.492175,
            37.869197
          ]
        ],
        "type": "LineString"
      },
      "id": "0f95750e3df2a24b4852149ba380cfdf"
    },
    {
      "type": "Feature",
      "properties": {
        "Notes": "",
        "Place Name": "Cos",
        "Place ID": "308",
        "third": "Acts.21.1",
        "anchor": "right",
        "Source Link": "http://imperium.ahlfeldt.se/places/41156"
      },
      "geometry": {
        "coordinates": [
          27.17,
          36.844
        ],
        "type": "Point"
      },
      "id": "10a6711f9b46683c1008532e0dd311c6"
    },
    {
      "type": "Feature",
      "properties": {
        "route_id": 3
      },
      "geometry": {
        "coordinates": [
          [
            29.314279,
            36.26018
          ],
          [
            30.5069,
            35.029778
          ],
          [
            30.816396,
            34.871229
          ],
          [
            32.077596,
            34.864881
          ],
          [
            32.408869,
            34.75315
          ],
          [
            32.9055,
            34.46395
          ],
          [
            34.138658,
            33.257102
          ],
          [
            35.209358,
            33.268071
          ]
        ],
        "type": "LineString"
      },
      "id": "114f88725a2483a82d3e72712b4ba8b8"
    },
    {
      "type": "Feature",
      "properties": {
        "route_id": 2
      },
      "geometry": {
        "coordinates": [
          [
            26.15765,
            39.75135
          ],
          [
            26.055237,
            39.749416
          ],
          [
            25.416076,
            40.354114
          ],
          [
            25.41576,
            40.47607
          ],
          [
            25.486364,
            40.508282
          ],
          [
            25.532199,
            40.50684
          ]
        ],
        "type": "LineString"
      },
      "id": "12f5b3dc1de2eb40f72bc7da2c4e8e81"
    },
    {
      "type": "Feature",
      "properties": {
        "route_id": 4
      },
      "geometry": {
        "coordinates": [
          [
            14.121869,
            40.827957
          ],
          [
            14.117864,
            40.830058
          ],
          [
            14.11528,
            40.83077
          ],
          [
            14.111469,
            40.83135
          ],
          [
            14.10671,
            40.830579
          ],
          [
            14.103689,
            40.829731
          ],
          [
            14.100516,
            40.830092
          ],
          [
            14.09986,
            40.83784
          ],
          [
            14.103429,
            40.84022
          ],
          [
            14.107589,
            40.84914
          ],
          [
            14.109763,
            40.855214
          ],
          [
            14.110813,
            40.859178
          ],
          [
            14.111759,
            40.865799
          ],
          [
            14.11532,
            40.883939
          ],
          [
            14.11532,
            40.89108
          ],
          [
            14.12187,
            40.892869
          ],
          [
            14.125439,
            40.89465
          ],
          [
            14.126029,
            40.897629
          ],
          [
            14.125439,
            40.9006
          ],
          [
            14.12722,
            40.906549
          ],
          [
            14.131668,
            40.909868
          ],
          [
            14.13555,
            40.91488
          ],
          [
            14.137329,
            40.917849
          ],
          [
            14.137329,
            40.92677
          ],
          [
            14.139861,
            40.929264
          ],
          [
            14.143186,
            40.931905
          ],
          [
            14.146849,
            40.933909
          ],
          [
            14.150851,
            40.93591
          ],
          [
            14.154464,
            40.937876
          ],
          [
            14.15697,
            40.93927
          ],
          [
            14.15697,
            40.94105
          ],
          [
            14.15875,
            40.945809
          ],
          [
            14.15816,
            40.949969
          ],
          [
            14.15816,
            40.95592
          ],
          [
            14.159939,
            40.961279
          ],
          [
            14.1641,
            40.968409
          ],
          [
            14.185107,
            40.99392
          ],
          [
            14.226401,
            41.052878
          ],
          [
            14.24172,
            41.0743
          ],
          [
            14.24156,
            41.08763
          ],
          [
            14.189669,
            41.11654
          ],
          [
            14.188105,
            41.122474
          ],
          [
            14.045169,
            41.13191
          ],
          [
            13.983959,
            41.133669
          ],
          [
            13.9418,
            41.141229
          ],
          [
            13.905539,
            41.124509
          ],
          [
            13.842909,
            41.137
          ],
          [
            13.836199,
            41.150519
          ],
          [
            13.83403,
            41.166339
          ],
          [
            13.833189,
            41.185419
          ],
          [
            13.818712,
            41.205714
          ],
          [
            13.799769,
            41.22486
          ],
          [
            13.77046,
            41.24508
          ],
          [
            13.729439,
            41.254979
          ],
          [
            13.681121,
            41.264136
          ],
          [
            13.6525,
            41.26956
          ],
          [
            13.60553,
            41.272999
          ],
          [
            13.58595,
            41.26728
          ],
          [
            13.577919,
            41.26043
          ],
          [
            13.559999,
            41.261819
          ],
          [
            13.54089,
            41.27398
          ],
          [
            13.524489,
            41.298899
          ],
          [
            13.52156,
            41.29758
          ],
          [
            13.50467,
            41.300349
          ],
          [
            13.47715,
            41.31495
          ],
          [
            13.46865,
            41.33028
          ],
          [
            13.416429,
            41.36007
          ],
          [
            13.37457,
            41.3587
          ],
          [
            13.34566,
            41.35185
          ],
          [
            13.32046,
            41.34343
          ],
          [
            13.27469,
            41.30853
          ],
          [
            13.25224,
            41.29786
          ],
          [
            13.242169,
            41.30393
          ],
          [
            13.19065,
            41.314959
          ],
          [
            13.02971,
            41.44009
          ],
          [
            13.02331,
            41.443989
          ],
          [
            12.993854,
            41.4669
          ]
        ],
        "type": "LineString"
      },
      "id": "14dd693850208dbf11a4d4fcf38856ac"
    },
    {
      "type": "Feature",
      "properties": {
        "route_id": 3,
        "offset": 3
      },
      "geometry": {
        "coordinates": [
          [
            22.208087,
            40.525494
          ],
          [
            22.21097,
            40.52284
          ],
          [
            22.222916,
            40.517463
          ],
          [
            22.233421,
            40.51146
          ],
          [
            22.23953,
            40.50797
          ],
          [
            22.25618,
            40.50023
          ],
          [
            22.27462,
            40.495479
          ],
          [
            22.288309,
            40.498449
          ],
          [
            22.290978,
            40.49945
          ],
          [
            22.30258,
            40.5038
          ],
          [
            22.324,
            40.51035
          ],
          [
            22.339459,
            40.518669
          ],
          [
            22.357309,
            40.52462
          ],
          [
            22.373369,
            40.529979
          ],
          [
            22.383778,
            40.532341
          ],
          [
            22.395378,
            40.525203
          ],
          [
            22.405988,
            40.515154
          ],
          [
            22.408689,
            40.512578
          ],
          [
            22.428023,
            40.50187
          ],
          [
            22.521416,
            40.508116
          ],
          [
            22.54075,
            40.507224
          ],
          [
            22.561454,
            40.507261
          ],
          [
            22.56064,
            40.524359
          ],
          [
            22.563379,
            40.52823
          ],
          [
            22.560639,
            40.524359
          ],
          [
            22.56183,
            40.499379
          ],
          [
            22.587501,
            40.468696
          ],
          [
            22.632447,
            40.456582
          ],
          [
            23.144798,
            40.154393
          ],
          [
            23.577641,
            39.654286
          ],
          [
            23.652453,
            39.506016
          ],
          [
            23.871546,
            38.972117
          ],
          [
            24.683794,
            38.203572
          ],
          [
            24.630356,
            37.94697
          ],
          [
            24.399619,
            37.787625
          ],
          [
            24.095983,
            37.59638
          ],
          [
            24.010483,
            37.592145
          ],
          [
            23.935671,
            37.60908
          ],
          [
            23.672817,
            37.893707
          ]
        ],
        "type": "LineString"
      },
      "id": "15ee5492aa2a5cf6ff804cc4b82b3fb3"
    },
    {
      "type": "Feature",
      "properties": {
        "Notes": "",
        "Place Name": "Athens",
        "second": "Acts.17.15-16",
        "Place ID": "118",
        "anchor": "bottom",
        "Source Link": "http://imperium.ahlfeldt.se/places/10975"
      },
      "geometry": {
        "coordinates": [
          23.726464,
          37.971687
        ],
        "type": "Point"
      },
      "id": "1988975ff94a52ca9d4294bee30d914b"
    },
    {
      "type": "Feature",
      "properties": {
        "Place ID": "68",
        "Place Name": "Antioch",
        "Source Link": "http://imperium.ahlfeldt.se/places/21094",
        "first": "Acts.13.1,Acts.14.26",
        "second": "Acts.15.22",
        "Notes": "",
        "third": "Acts.18.22"
      },
      "geometry": {
        "coordinates": [
          36.165318,
          36.200663
        ],
        "type": "Point"
      },
      "id": "1ab5972a8a5cc63c6057dbe5f669b23d"
    },
    {
      "type": "Feature",
      "properties": {
        "route_id": 4
      },
      "geometry": {
        "coordinates": [
          [
            27.363539,
            36.68798
          ],
          [
            27.024324,
            36.22496
          ],
          [
            26.553845,
            34.883783
          ],
          [
            26.375746,
            34.763353
          ],
          [
            24.866471,
            34.786372
          ],
          [
            24.735999,
            34.92069
          ]
        ],
        "type": "LineString"
      },
      "id": "1d428eb04d6aaa11a532477927ebb5a2"
    },
    {
      "type": "Feature",
      "properties": {
        "route_id": 4,
        "offset": 3
      },
      "geometry": {
        "coordinates": [
          [
            30.000346,
            36.254311
          ],
          [
            30.036285,
            36.222281
          ],
          [
            29.957234,
            36.141295
          ],
          [
            29.763588,
            36.071493
          ],
          [
            29.519108,
            36.050211
          ],
          [
            29.32113,
            36.25967
          ],
          [
            29.026539,
            36.385697
          ],
          [
            28.24245,
            36.407891
          ],
          [
            28.249961,
            36.445794
          ],
          [
            28.233793,
            36.443854
          ],
          [
            28.231457,
            36.466454
          ],
          [
            28.109549,
            36.486902
          ],
          [
            27.351559,
            36.48476
          ],
          [
            27.363009,
            36.68541
          ]
        ],
        "type": "LineString"
      },
      "id": "1fa2fe226e5df658e6e29049191d9b69"
    },
    {
      "type": "Feature",
      "properties": {
        "Notes": "",
        "Place Name": "Myra",
        "Place ID": "864",
        "anchor": "bottom",
        "rome": "Acts.27.5",
        "Source Link": "http://imperium.ahlfeldt.se/places/21455"
      },
      "geometry": {
        "coordinates": [
          29.985559,
          36.258393
        ],
        "type": "Point"
      },
      "id": "20f68af1138c7efba56edd20fd7858cb"
    },
    {
      "type": "Feature",
      "properties": {
        "Notes": "Not mentioned by name in the third journey; mapped as a likely stop within the region.",
        "Place Name": "Berea",
        "second": "Acts.17.10,Acts.17.13",
        "Place ID": "177",
        "third": "Acts.20.1-6",
        "anchor": "right",
        "Source Link": "http://imperium.ahlfeldt.se/places/22742"
      },
      "geometry": {
        "coordinates": [
          22.204993,
          40.524528
        ],
        "type": "Point"
      },
      "id": "23409cc16bb19c64ba59c7a8e60d9b2d"
    },
    {
      "type": "Feature",
      "properties": {
        "Notes": "",
        "Place Name": "Troas",
        "second": "Acts.16.8",
        "third": "Acts.20.6",
        "anchor": "top-right",
        "Source Link": "http://imperium.ahlfeldt.se/places/21154"
      },
      "geometry": {
        "coordinates": [
          26.15765,
          39.75135
        ],
        "type": "Point"
      },
      "id": "2344ab1623637bdccaa19bea6595dd25"
    },
    {
      "type": "Feature",
      "properties": {
        "route_id": 1,
        "offset": -2
      },
      "geometry": {
        "coordinates": [
          [
            32.492175,
            37.869197
          ],
          [
            32.48697,
            37.869269
          ],
          [
            32.454879,
            37.868379
          ],
          [
            32.423989,
            37.869539
          ],
          [
            32.387999,
            37.86953
          ],
          [
            32.366089,
            37.87094
          ],
          [
            32.337569,
            37.87621
          ],
          [
            32.30919,
            37.87843
          ],
          [
            32.275568,
            37.882519
          ],
          [
            32.246839,
            37.89184
          ],
          [
            32.216909,
            37.89908
          ],
          [
            32.19642,
            37.89743
          ],
          [
            32.164628,
            37.89033
          ],
          [
            32.13787,
            37.88541
          ],
          [
            32.12016,
            37.879759
          ],
          [
            32.089889,
            37.85821
          ],
          [
            32.064149,
            37.85813
          ],
          [
            32.051659,
            37.86
          ],
          [
            32.011989,
            37.87079
          ],
          [
            32.010869,
            37.870831
          ],
          [
            31.98529,
            37.88881
          ],
          [
            31.97159,
            37.89516
          ],
          [
            31.955079,
            37.900659
          ],
          [
            31.92472,
            37.89736
          ],
          [
            31.90852,
            37.89681
          ],
          [
            31.882139,
            37.89062
          ],
          [
            31.86053,
            37.88458
          ],
          [
            31.838219,
            37.87397
          ],
          [
            31.82228,
            37.86888
          ],
          [
            31.78412,
            37.869039
          ],
          [
            31.76417,
            37.86758
          ],
          [
            31.716749,
            37.862849
          ],
          [
            31.706019,
            37.86699
          ],
          [
            31.686229,
            37.87913
          ],
          [
            31.66064,
            37.89256
          ],
          [
            31.63616,
            37.903
          ],
          [
            31.60088,
            37.91832
          ],
          [
            31.49716,
            37.95901
          ],
          [
            31.463929,
            38.001609
          ],
          [
            31.447969,
            38.02747
          ],
          [
            31.426359,
            38.0516
          ],
          [
            31.40249,
            38.080939
          ],
          [
            31.36151,
            38.120829
          ],
          [
            31.32356,
            38.150159
          ],
          [
            31.304229,
            38.169959
          ],
          [
            31.278319,
            38.198179
          ],
          [
            31.2518,
            38.22005
          ],
          [
            31.242539,
            38.23866
          ],
          [
            31.22642,
            38.254619
          ],
          [
            31.204499,
            38.267169
          ],
          [
            31.182179,
            38.300279
          ]
        ],
        "type": "LineString"
      },
      "id": "258ed0688649bbf904c518390d5cba46"
    },
    {
      "type": "Feature",
      "properties": {
        "Notes": "",
        "Place Name": "Rhodes",
        "Place ID": "1000",
        "third": "Acts.21.1",
        "anchor": "top-right",
        "Source Link": "http://imperium.ahlfeldt.se/places/22218"
      },
      "geometry": {
        "coordinates": [
          28.227611,
          36.443113
        ],
        "type": "Point"
      },
      "id": "2907ec7d519708600cc8f669b43d5b0d"
    },
    {
      "type": "Feature",
      "properties": {
        "route_id": 1,
        "offset": 2
      },
      "geometry": {
        "coordinates": [
          [
            32.34697,
            37.59158
          ],
          [
            32.34697,
            37.59158
          ],
          [
            32.36506,
            37.56614
          ],
          [
            32.38448,
            37.53785
          ],
          [
            32.393929,
            37.515999
          ],
          [
            32.401949,
            37.49892
          ],
          [
            32.43952,
            37.441349
          ],
          [
            32.456159,
            37.41971
          ],
          [
            32.466589,
            37.401739
          ],
          [
            32.47981,
            37.3752
          ],
          [
            32.492679,
            37.35634
          ],
          [
            32.50475,
            37.327849
          ],
          [
            32.515569,
            37.300289
          ],
          [
            32.533749,
            37.26908
          ],
          [
            32.545738,
            37.24156
          ],
          [
            32.558919,
            37.21406
          ],
          [
            32.570529,
            37.19517
          ],
          [
            32.59667,
            37.201629
          ],
          [
            32.63225,
            37.21218
          ],
          [
            32.667569,
            37.229429
          ],
          [
            32.69474,
            37.2407
          ],
          [
            32.713479,
            37.252699
          ],
          [
            32.73948,
            37.263929
          ],
          [
            32.783709,
            37.269829
          ],
          [
            32.81646,
            37.26199
          ],
          [
            32.84913,
            37.25605
          ],
          [
            32.89729,
            37.25335
          ],
          [
            32.98913,
            37.23816
          ],
          [
            33.005128,
            37.227
          ],
          [
            33.038249,
            37.206599
          ],
          [
            33.07809,
            37.19978
          ],
          [
            33.115429,
            37.19577
          ],
          [
            33.1479,
            37.193569
          ],
          [
            33.18526,
            37.18857
          ],
          [
            33.23344,
            37.18281
          ],
          [
            33.241329,
            37.19929
          ],
          [
            33.254908,
            37.22643
          ],
          [
            33.27459,
            37.250819
          ],
          [
            33.289679,
            37.268389
          ],
          [
            33.30959,
            37.28606
          ],
          [
            33.334259,
            37.30572
          ],
          [
            33.356599,
            37.32342
          ],
          [
            33.376618,
            37.3382
          ]
        ],
        "type": "LineString"
      },
      "id": "2924f4e63ef71d8f18bb4eb772d11c5d"
    },
    {
      "type": "Feature",
      "properties": {
        "route_id": 3
      },
      "geometry": {
        "coordinates": [
          [
            26.337061,
            39.490601
          ],
          [
            26.671219,
            39.065694
          ],
          [
            26.671219,
            38.891053
          ],
          [
            26.179674,
            38.557001
          ],
          [
            26.144109,
            38.35664
          ],
          [
            26.185435,
            38.329918
          ],
          [
            26.577135,
            37.647432
          ],
          [
            26.836348,
            37.595724
          ],
          [
            26.949634,
            37.676312
          ],
          [
            27.005316,
            37.613978
          ],
          [
            27.277488,
            37.529236
          ]
        ],
        "type": "LineString"
      },
      "id": "29bf630cb45729e04a7a16eee5a88917"
    },
    {
      "type": "Feature",
      "properties": {
        "Place ID": "936",
        "Place Name": "Perga",
        "Source Link": "http://imperium.ahlfeldt.se/places/21450",
        "first": "Acts.13.13, Acts.14.24",
        "Notes": ""
      },
      "geometry": {
        "coordinates": [
          30.854274,
          36.961406
        ],
        "type": "Point"
      },
      "id": "317eba3bc239f99d2d151fb093e1c48b"
    },
    {
      "type": "Feature",
      "properties": {
        "route_id": 2
      },
      "geometry": {
        "coordinates": [
          [
            25.537369,
            40.5068
          ],
          [
            25.486364,
            40.508282
          ],
          [
            24.418379,
            40.93153
          ]
        ],
        "type": "LineString"
      },
      "id": "332d354b55bc936c87d34bea0f6bf339"
    },
    {
      "type": "Feature",
      "properties": {
        "Place ID": "1121",
        "Place Name": "Syracuse",
        "Source Link": "http://imperium.ahlfeldt.se/places/16570",
        "rome": "Acts.28.12",
        "Notes": ""
      },
      "geometry": {
        "coordinates": [
          15.29382,
          37.05963
        ],
        "type": "Point"
      },
      "id": "36c60915305f034f11b0f318dd830328"
    },
    {
      "type": "Feature",
      "properties": {
        "Place ID": "304",
        "Place Name": "Cnidus",
        "Source Link": "http://imperium.ahlfeldt.se/places/21190",
        "rome": "Acts.27.7",
        "Notes": ""
      },
      "geometry": {
        "coordinates": [
          27.37404,
          36.686188
        ],
        "type": "Point"
      },
      "id": "36ee62da7d094ac02034617ec5a14972"
    },
    {
      "type": "Feature",
      "properties": {
        "Place ID": "1013",
        "Place Name": "Rome",
        "Source Link": "924",
        "rome": "Acts.28.16",
        "Notes": ""
      },
      "geometry": {
        "coordinates": [
          12.484345,
          41.89262
        ],
        "type": "Point"
      },
      "id": "374a9e41c234c5344c1c1450d840313e"
    },
    {
      "type": "Feature",
      "properties": {
        "route_id": 2
      },
      "geometry": {
        "coordinates": [
          [
            23.726464,
            37.971687
          ],
          [
            23.672817,
            37.893707
          ],
          [
            23.445572,
            37.846626
          ],
          [
            22.992532,
            37.88239
          ],
          [
            22.878721,
            37.906045
          ]
        ],
        "type": "LineString"
      },
      "id": "379005e36bcccc83916711fd948afad4"
    },
    {
      "type": "Feature",
      "properties": {
        "route_id": 4
      },
      "geometry": {
        "coordinates": [
          [
            14.400124,
            35.885167
          ],
          [
            14.475115,
            35.960584
          ],
          [
            15.168408,
            36.660346
          ],
          [
            15.365034,
            37.01799
          ],
          [
            15.298829,
            37.06355
          ]
        ],
        "type": "LineString"
      },
      "id": "4345ca095ada3c081c423772cc2e509d"
    },
    {
      "type": "Feature",
      "properties": {
        "route_id": 4,
        "offset": -3
      },
      "geometry": {
        "coordinates": [
          [
            34.890419,
            32.50672
          ],
          [
            34.837329,
            32.62104
          ],
          [
            34.913998,
            32.882869
          ],
          [
            35.016224,
            33.050503
          ],
          [
            35.097561,
            33.266925
          ],
          [
            35.254774,
            33.570187
          ],
          [
            35.375959,
            33.56914
          ]
        ],
        "type": "LineString"
      },
      "id": "43a35859bea3cee263e1bbe772b42713"
    },
    {
      "type": "Feature",
      "properties": {
        "Notes": "",
        "Place Name": "Amphipolis",
        "second": "Acts.17.1",
        "Place ID": "59",
        "anchor": "bottom-right",
        "Source Link": "http://imperium.ahlfeldt.se/places/21889"
      },
      "geometry": {
        "coordinates": [
          23.840418,
          40.818876
        ],
        "type": "Point"
      },
      "id": "45761c3c5d7b8c3af6cbb7ab4ee93ffe"
    },
    {
      "type": "Feature",
      "properties": {
        "route_id": 2
      },
      "geometry": {
        "coordinates": [
          [
            32.492175,
            37.869197
          ],
          [
            32.48697,
            37.869269
          ],
          [
            32.454879,
            37.868379
          ],
          [
            32.423989,
            37.869539
          ],
          [
            32.387999,
            37.86953
          ],
          [
            32.366089,
            37.87094
          ],
          [
            32.337569,
            37.87621
          ],
          [
            32.30919,
            37.87843
          ],
          [
            32.275568,
            37.882519
          ],
          [
            32.246839,
            37.89184
          ],
          [
            32.216909,
            37.89908
          ],
          [
            32.19642,
            37.89743
          ],
          [
            32.164628,
            37.89033
          ],
          [
            32.13787,
            37.88541
          ],
          [
            32.12016,
            37.879759
          ],
          [
            32.089889,
            37.85821
          ],
          [
            32.064149,
            37.85813
          ],
          [
            32.051659,
            37.86
          ],
          [
            32.011989,
            37.87079
          ],
          [
            32.010869,
            37.870831
          ],
          [
            31.98529,
            37.88881
          ],
          [
            31.97159,
            37.89516
          ],
          [
            31.955079,
            37.900659
          ],
          [
            31.92472,
            37.89736
          ],
          [
            31.90852,
            37.89681
          ],
          [
            31.882139,
            37.89062
          ],
          [
            31.86053,
            37.88458
          ],
          [
            31.838219,
            37.87397
          ],
          [
            31.82228,
            37.86888
          ],
          [
            31.78412,
            37.869039
          ],
          [
            31.76417,
            37.86758
          ],
          [
            31.716749,
            37.862849
          ],
          [
            31.706019,
            37.86699
          ],
          [
            31.686229,
            37.87913
          ],
          [
            31.66064,
            37.89256
          ],
          [
            31.63616,
            37.903
          ],
          [
            31.60088,
            37.91832
          ],
          [
            31.49716,
            37.95901
          ],
          [
            31.463929,
            38.001609
          ],
          [
            31.447969,
            38.02747
          ],
          [
            31.426359,
            38.0516
          ],
          [
            31.40249,
            38.080939
          ],
          [
            31.36151,
            38.120829
          ],
          [
            31.32356,
            38.150159
          ],
          [
            31.304229,
            38.169959
          ],
          [
            31.278319,
            38.198179
          ],
          [
            31.2518,
            38.22005
          ],
          [
            31.242539,
            38.23866
          ],
          [
            31.22642,
            38.254619
          ],
          [
            31.204499,
            38.267169
          ],
          [
            31.182179,
            38.300279
          ]
        ],
        "type": "LineString"
      },
      "id": "47cfdfd624411841a16413b83f4bdb56"
    },
    {
      "type": "Feature",
      "properties": {
        "route_id": 3,
        "offset": 3
      },
      "geometry": {
        "coordinates": [
          [
            32.492175,
            37.869197
          ],
          [
            32.48697,
            37.869269
          ],
          [
            32.454879,
            37.868379
          ],
          [
            32.423989,
            37.869539
          ],
          [
            32.387999,
            37.86953
          ],
          [
            32.366089,
            37.87094
          ],
          [
            32.337569,
            37.87621
          ],
          [
            32.30919,
            37.87843
          ],
          [
            32.275568,
            37.882519
          ],
          [
            32.246839,
            37.89184
          ],
          [
            32.216909,
            37.89908
          ],
          [
            32.19642,
            37.89743
          ],
          [
            32.164628,
            37.89033
          ],
          [
            32.13787,
            37.88541
          ],
          [
            32.12016,
            37.879759
          ],
          [
            32.089889,
            37.85821
          ],
          [
            32.064149,
            37.85813
          ],
          [
            32.051659,
            37.86
          ],
          [
            32.011989,
            37.87079
          ],
          [
            32.010869,
            37.870831
          ],
          [
            31.98529,
            37.88881
          ],
          [
            31.97159,
            37.89516
          ],
          [
            31.955079,
            37.900659
          ],
          [
            31.92472,
            37.89736
          ],
          [
            31.90852,
            37.89681
          ],
          [
            31.882139,
            37.89062
          ],
          [
            31.86053,
            37.88458
          ],
          [
            31.838219,
            37.87397
          ],
          [
            31.82228,
            37.86888
          ],
          [
            31.78412,
            37.869039
          ],
          [
            31.76417,
            37.86758
          ],
          [
            31.716749,
            37.862849
          ],
          [
            31.706019,
            37.86699
          ],
          [
            31.686229,
            37.87913
          ],
          [
            31.66064,
            37.89256
          ],
          [
            31.63616,
            37.903
          ],
          [
            31.60088,
            37.91832
          ],
          [
            31.49716,
            37.95901
          ],
          [
            31.463929,
            38.001609
          ],
          [
            31.447969,
            38.02747
          ],
          [
            31.426359,
            38.0516
          ],
          [
            31.40249,
            38.080939
          ],
          [
            31.36151,
            38.120829
          ],
          [
            31.32356,
            38.150159
          ],
          [
            31.304229,
            38.169959
          ],
          [
            31.278319,
            38.198179
          ],
          [
            31.2518,
            38.22005
          ],
          [
            31.242539,
            38.23866
          ],
          [
            31.22642,
            38.254619
          ],
          [
            31.204499,
            38.267169
          ],
          [
            31.182179,
            38.300279
          ]
        ],
        "type": "LineString"
      },
      "id": "4990ea29735c124eb2ea675feb91d66d"
    },
    {
      "type": "Feature",
      "properties": {
        "route_id": 2
      },
      "geometry": {
        "coordinates": [
          [
            22.208087,
            40.525494
          ],
          [
            22.21097,
            40.52284
          ],
          [
            22.222869,
            40.51749
          ],
          [
            22.233421,
            40.51146
          ],
          [
            22.23953,
            40.50797
          ],
          [
            22.25618,
            40.50023
          ],
          [
            22.27462,
            40.495479
          ],
          [
            22.288309,
            40.498449
          ],
          [
            22.290978,
            40.49945
          ],
          [
            22.30258,
            40.5038
          ],
          [
            22.324,
            40.51035
          ],
          [
            22.339459,
            40.518669
          ],
          [
            22.357309,
            40.52462
          ],
          [
            22.369762,
            40.528775
          ],
          [
            22.373369,
            40.529979
          ],
          [
            22.383778,
            40.532341
          ],
          [
            22.3959,
            40.524773
          ],
          [
            22.408689,
            40.512578
          ],
          [
            22.419992,
            40.505737
          ],
          [
            22.428023,
            40.50187
          ],
          [
            22.472043,
            40.50425
          ],
          [
            22.521416,
            40.508116
          ],
          [
            22.533797,
            40.507545
          ],
          [
            22.54075,
            40.507224
          ],
          [
            22.561454,
            40.507261
          ],
          [
            22.560639,
            40.524359
          ],
          [
            22.563379,
            40.52823
          ],
          [
            22.560639,
            40.524359
          ],
          [
            22.56183,
            40.499379
          ],
          [
            22.587501,
            40.468696
          ],
          [
            22.632447,
            40.456582
          ],
          [
            23.144798,
            40.154393
          ],
          [
            23.577641,
            39.654286
          ],
          [
            23.652453,
            39.506016
          ],
          [
            23.871546,
            38.972117
          ],
          [
            24.683794,
            38.203572
          ],
          [
            24.630356,
            37.94697
          ],
          [
            24.399619,
            37.787625
          ],
          [
            24.095983,
            37.59638
          ],
          [
            24.010483,
            37.592145
          ],
          [
            23.935671,
            37.60908
          ],
          [
            23.672817,
            37.893707
          ],
          [
            23.679172,
            37.900602
          ],
          [
            23.726464,
            37.971687
          ]
        ],
        "type": "LineString"
      },
      "id": "4c2d0ab08ab5b8360e4981bba0a0b8fc"
    },
    {
      "type": "Feature",
      "properties": {
        "route_id": 3,
        "offset": -3
      },
      "geometry": {
        "coordinates": [
          [
            26.15765,
            39.75135
          ],
          [
            26.055237,
            39.749416
          ],
          [
            25.416076,
            40.354114
          ],
          [
            25.41576,
            40.47607
          ],
          [
            25.486364,
            40.508282
          ],
          [
            25.532199,
            40.50684
          ]
        ],
        "type": "LineString"
      },
      "id": "4d29c5fe6d71702623feffa30930c06a"
    },
    {
      "type": "Feature",
      "properties": {
        "Place Name": "Ptolemais",
        "Notes": "",
        "Source Link": "http://imperium.ahlfeldt.se/places/21662",
        "third": "Acts.21.7"
      },
      "geometry": {
        "coordinates": [
          35.076846,
          32.928671
        ],
        "type": "Point"
      },
      "id": "4d94d73458ab57cb785474fcbbd713fe"
    },
    {
      "type": "Feature",
      "properties": {
        "route_id": 1,
        "offset": -2
      },
      "geometry": {
        "coordinates": [
          [
            33.370959,
            37.33402
          ],
          [
            33.356599,
            37.32342
          ],
          [
            33.334259,
            37.30572
          ],
          [
            33.30959,
            37.28606
          ],
          [
            33.289679,
            37.268389
          ],
          [
            33.27459,
            37.250819
          ],
          [
            33.254908,
            37.22643
          ],
          [
            33.241329,
            37.19929
          ],
          [
            33.23344,
            37.18281
          ],
          [
            33.18526,
            37.18857
          ],
          [
            33.1479,
            37.193569
          ],
          [
            33.115429,
            37.19577
          ],
          [
            33.07809,
            37.19978
          ],
          [
            33.05407,
            37.20022
          ],
          [
            33.02236,
            37.2149
          ],
          [
            32.987859,
            37.24006
          ],
          [
            32.900889,
            37.25343
          ],
          [
            32.84913,
            37.25605
          ],
          [
            32.81646,
            37.26199
          ],
          [
            32.783709,
            37.269829
          ],
          [
            32.747729,
            37.26798
          ],
          [
            32.713479,
            37.252699
          ],
          [
            32.69474,
            37.2407
          ],
          [
            32.667569,
            37.229429
          ],
          [
            32.63225,
            37.21218
          ],
          [
            32.59667,
            37.201629
          ],
          [
            32.570529,
            37.19517
          ],
          [
            32.558919,
            37.21406
          ],
          [
            32.545738,
            37.24156
          ],
          [
            32.533749,
            37.26908
          ],
          [
            32.515569,
            37.300289
          ],
          [
            32.50475,
            37.327849
          ],
          [
            32.492679,
            37.35634
          ],
          [
            32.47981,
            37.3752
          ],
          [
            32.466589,
            37.401739
          ],
          [
            32.456159,
            37.41971
          ],
          [
            32.43952,
            37.441349
          ],
          [
            32.41371,
            37.47907
          ],
          [
            32.393929,
            37.515999
          ],
          [
            32.38448,
            37.53785
          ],
          [
            32.36506,
            37.56614
          ],
          [
            32.34697,
            37.59158
          ],
          [
            32.346156,
            37.592533
          ]
        ],
        "type": "LineString"
      },
      "id": "4f4e1b0490bb04b22fbc2587038cc846"
    },
    {
      "type": "Feature",
      "properties": {
        "Notes": "",
        "Place Name": "Thessalonica",
        "second": "Acts.17.1",
        "Place ID": "1158",
        "anchor": "bottom-right",
        "Source Link": "http://imperium.ahlfeldt.se/places/17068"
      },
      "geometry": {
        "coordinates": [
          22.949569,
          40.630282
        ],
        "type": "Point"
      },
      "id": "4fc6bdff58525b7cb870c6991628b301"
    },
    {
      "type": "Feature",
      "properties": {
        "Place ID": "427",
        "Place Name": "Appii forum",
        "Source Link": "http://imperium.ahlfeldt.se/places/22182",
        "rome": "Acts.28.15",
        "Notes": ""
      },
      "geometry": {
        "coordinates": [
          12.99372,
          41.46801
        ],
        "type": "Point"
      },
      "id": "53966bbbe943d3ded2077cbfe8c32f69"
    },
    {
      "type": "Feature",
      "properties": {
        "Place Name": "Antipatris",
        "rome": "Acts.23.31",
        "Notes": "924",
        "Source Link": "http://imperium.ahlfeldt.se/places/21684",
        "anchor": "bottom-right"
      },
      "geometry": {
        "coordinates": [
          34.93078,
          32.104779
        ],
        "type": "Point"
      },
      "id": "543572f4943a1d12a5374839fc0e85ec"
    },
    {
      "type": "Feature",
      "properties": {
        "route_id": 3,
        "offset": -3
      },
      "geometry": {
        "coordinates": [
          [
            25.537369,
            40.5068
          ],
          [
            25.486364,
            40.508282
          ],
          [
            24.418379,
            40.93153
          ]
        ],
        "type": "LineString"
      },
      "id": "543f9a1cad8daa308ad63f7409e8eb97"
    },
    {
      "type": "Feature",
      "properties": {
        "route_id": 1
      },
      "geometry": {
        "coordinates": [
          [
            32.40795,
            34.76025
          ],
          [
            32.306394,
            34.897682
          ],
          [
            32.249337,
            35.081006
          ],
          [
            32.2744,
            35.118027
          ],
          [
            32.300288,
            35.097164
          ],
          [
            32.283487,
            35.852227
          ],
          [
            31.388747,
            36.758257
          ],
          [
            30.767183,
            36.761446
          ],
          [
            30.70541,
            36.8839
          ],
          [
            30.70223,
            36.89665
          ],
          [
            30.734109,
            36.910009
          ],
          [
            30.765079,
            36.92059
          ],
          [
            30.807769,
            36.94172
          ],
          [
            30.84509,
            36.95894
          ],
          [
            30.85592,
            36.96693
          ],
          [
            30.853866,
            36.961562
          ]
        ],
        "type": "LineString"
      },
      "id": "54576dd7368055ed9a4b3d7f008e98db"
    },
    {
      "type": "Feature",
      "properties": {
        "Notes": "Not mentioned by name in the third journey; mapped as a likely stop within the region.",
        "Place Name": "Corinth",
        "second": "Acts.18.1",
        "Place ID": "306",
        "third": "Acts.20.1-6",
        "anchor": "bottom-right",
        "Source Link": "http://imperium.ahlfeldt.se/places/17070"
      },
      "geometry": {
        "coordinates": [
          22.878721,
          37.906045
        ],
        "type": "Point"
      },
      "id": "58347c5ba9924532e3bc0dd51054160f"
    },
    {
      "type": "Feature",
      "properties": {
        "route_id": 3
      },
      "geometry": {
        "coordinates": [
          [
            35.07846,
            32.92804
          ],
          [
            34.913998,
            32.88287
          ],
          [
            34.837329,
            32.62104
          ],
          [
            34.89602,
            32.507499
          ]
        ],
        "type": "LineString"
      },
      "id": "583c3ccc61069d9bd57e9dbc0836182b"
    },
    {
      "type": "Feature",
      "properties": {
        "route_id": 3
      },
      "geometry": {
        "coordinates": [
          [
            27.339722,
            37.941944
          ],
          [
            27.304067,
            37.965708
          ],
          [
            26.408572,
            37.941909
          ],
          [
            26.177955,
            38.334754
          ],
          [
            26.144109,
            38.35664
          ],
          [
            26.179674,
            38.557001
          ],
          [
            26.671219,
            38.891053
          ],
          [
            26.671219,
            39.065694
          ],
          [
            26.377351,
            39.439505
          ],
          [
            26.104006,
            39.425252
          ],
          [
            26.027202,
            39.46084
          ],
          [
            26.016169,
            39.498792
          ],
          [
            26.15765,
            39.75135
          ]
        ],
        "type": "LineString"
      },
      "id": "5bde505b7adc39219fd9fbf0be41e95d"
    },
    {
      "type": "Feature",
      "properties": {
        "route_id": 2
      },
      "geometry": {
        "coordinates": [
          [
            36.165318,
            36.200663
          ],
          [
            36.168879,
            36.207809
          ],
          [
            36.16321,
            36.219349
          ],
          [
            36.163609,
            36.239419
          ],
          [
            36.167559,
            36.259449
          ],
          [
            36.18021,
            36.301359
          ],
          [
            36.188969,
            36.32515
          ],
          [
            36.212279,
            36.36597
          ],
          [
            36.2417,
            36.41436
          ],
          [
            36.244489,
            36.434409
          ],
          [
            36.23766,
            36.446949
          ],
          [
            36.234409,
            36.461349
          ],
          [
            36.233529,
            36.47571
          ],
          [
            36.182059,
            36.508959
          ],
          [
            36.168149,
            36.52445
          ],
          [
            36.162599,
            36.543669
          ],
          [
            36.18689,
            36.57112
          ],
          [
            36.199039,
            36.58436
          ],
          [
            36.217829,
            36.63103
          ],
          [
            36.22415,
            36.649139
          ],
          [
            36.2222,
            36.66928
          ],
          [
            36.208549,
            36.69916
          ],
          [
            36.20994,
            36.70872
          ],
          [
            36.21044,
            36.732659
          ],
          [
            36.21542,
            36.74314
          ],
          [
            36.21724,
            36.77282
          ],
          [
            36.210559,
            36.794949
          ],
          [
            36.20017,
            36.81138
          ],
          [
            36.18166,
            36.83846
          ],
          [
            36.16062,
            36.85983
          ],
          [
            36.140709,
            36.8783
          ],
          [
            36.107739,
            36.901719
          ],
          [
            36.065109,
            36.920449
          ],
          [
            36.044471,
            36.929334
          ],
          [
            36.030749,
            36.93524
          ],
          [
            36.009319,
            36.939319
          ],
          [
            35.999599,
            36.92984
          ],
          [
            35.990347,
            36.927127
          ],
          [
            35.974389,
            36.92245
          ],
          [
            35.962499,
            36.92545
          ],
          [
            35.944639,
            36.92852
          ],
          [
            35.923249,
            36.93545
          ],
          [
            35.87929,
            36.950279
          ],
          [
            35.85426,
            36.954359
          ],
          [
            35.835199,
            36.95837
          ],
          [
            35.80783,
            36.96629
          ],
          [
            35.751829,
            36.97925
          ],
          [
            35.716827,
            36.989533
          ],
          [
            35.698089,
            36.983519
          ],
          [
            35.664339,
            36.958839
          ],
          [
            35.64154,
            36.95038
          ],
          [
            35.61892,
            36.95725
          ],
          [
            35.576273,
            36.974714
          ],
          [
            35.535589,
            36.99039
          ],
          [
            35.51912,
            36.98924
          ],
          [
            35.430762,
            36.99244
          ],
          [
            35.389929,
            36.99172
          ],
          [
            35.35704,
            36.98731
          ],
          [
            35.33439,
            36.991029
          ],
          [
            35.317419,
            36.995639
          ],
          [
            35.24148,
            36.996789
          ],
          [
            35.21766,
            36.994119
          ],
          [
            35.1791,
            36.98693
          ],
          [
            35.126959,
            36.978839
          ],
          [
            35.07142,
            36.968899
          ],
          [
            35.005709,
            36.954379
          ],
          [
            34.976259,
            36.948019
          ],
          [
            34.963809,
            36.93711
          ],
          [
            34.900439,
            36.917059
          ],
          [
            34.904889,
            36.96342
          ],
          [
            34.90258,
            36.98524
          ],
          [
            34.89802,
            37.00524
          ],
          [
            34.89681,
            37.047969
          ],
          [
            34.897909,
            37.06343
          ],
          [
            34.89335,
            37.077069
          ],
          [
            34.856949,
            37.10885
          ],
          [
            34.837569,
            37.13429
          ],
          [
            34.821579,
            37.16155
          ],
          [
            34.81925,
            37.177929
          ],
          [
            34.827139,
            37.202509
          ],
          [
            34.81113,
            37.22887
          ],
          [
            34.817929,
            37.23798
          ],
          [
            34.811019,
            37.26072
          ],
          [
            34.8098,
            37.285289
          ],
          [
            34.81768,
            37.31535
          ],
          [
            34.84603,
            37.37003
          ],
          [
            34.884749,
            37.404689
          ],
          [
            34.89153,
            37.438399
          ],
          [
            34.886909,
            37.46663
          ],
          [
            34.86972,
            37.48665
          ],
          [
            34.85369,
            37.49755
          ],
          [
            34.801209,
            37.51411
          ],
          [
            34.75314,
            37.52037
          ],
          [
            34.71536,
            37.52755
          ],
          [
            34.691329,
            37.528379
          ],
          [
            34.65816,
            37.52553
          ],
          [
            34.63745,
            37.518809
          ],
          [
            34.600839,
            37.51957
          ],
          [
            34.559789,
            37.523279
          ],
          [
            34.51503,
            37.53945
          ],
          [
            34.4932,
            37.54936
          ],
          [
            34.464519,
            37.556479
          ],
          [
            34.40258,
            37.56794
          ],
          [
            34.386549,
            37.56875
          ],
          [
            34.348679,
            37.575769
          ],
          [
            34.31431,
            37.577339
          ],
          [
            34.255909,
            37.57688
          ],
          [
            34.173232,
            37.563498
          ],
          [
            34.14635,
            37.54375
          ],
          [
            34.097108,
            37.527346
          ],
          [
            34.03482,
            37.507089
          ],
          [
            33.990429,
            37.494759
          ],
          [
            33.96306,
            37.490799
          ],
          [
            33.92561,
            37.47579
          ],
          [
            33.89256,
            37.47083
          ],
          [
            33.86607,
            37.48052
          ],
          [
            33.85225,
            37.485819
          ],
          [
            33.823839,
            37.47725
          ],
          [
            33.807839,
            37.477039
          ],
          [
            33.763269,
            37.48269
          ],
          [
            33.73898,
            37.49004
          ],
          [
            33.707679,
            37.48767
          ],
          [
            33.68129,
            37.481529
          ],
          [
            33.664479,
            37.4784
          ],
          [
            33.648939,
            37.4724
          ],
          [
            33.620549,
            37.44987
          ],
          [
            33.60354,
            37.443269
          ],
          [
            33.58184,
            37.44366
          ],
          [
            33.56126,
            37.44717
          ],
          [
            33.539609,
            37.457239
          ],
          [
            33.51912,
            37.45691
          ],
          [
            33.492033,
            37.443803
          ],
          [
            33.45627,
            37.418369
          ],
          [
            33.43633,
            37.39881
          ],
          [
            33.415399,
            37.371549
          ],
          [
            33.376619,
            37.3382
          ],
          [
            33.361452,
            37.348569
          ]
        ],
        "type": "LineString"
      },
      "id": "5ed6774ca00979b3cd7948b9202bba8b"
    },
    {
      "type": "Feature",
      "properties": {
        "route_id": 2
      },
      "geometry": {
        "coordinates": [
          [
            34.922078,
            32.09685
          ],
          [
            34.923743,
            32.117075
          ],
          [
            34.929946,
            32.149788
          ],
          [
            34.933975,
            32.169185
          ],
          [
            34.94542,
            32.208959
          ],
          [
            34.953149,
            32.244059
          ],
          [
            34.96148,
            32.29343
          ],
          [
            34.96505,
            32.318419
          ],
          [
            34.95493,
            32.352328
          ],
          [
            34.94958,
            32.380279
          ],
          [
            34.943629,
            32.400509
          ],
          [
            34.94244,
            32.43144
          ],
          [
            34.934709,
            32.46059
          ],
          [
            34.92281,
            32.48617
          ],
          [
            34.911509,
            32.49807
          ],
          [
            34.89602,
            32.507499
          ]
        ],
        "type": "LineString"
      },
      "id": "60cf5df80f3a1180303011189c0b3474"
    },
    {
      "type": "Feature",
      "properties": {
        "route_id": 1
      },
      "geometry": {
        "coordinates": [
          [
            35.941591,
            36.123369
          ],
          [
            34.929724,
            36.103327
          ],
          [
            34.603131,
            35.700462
          ],
          [
            34.591127,
            35.635908
          ],
          [
            33.91383,
            35.178149
          ],
          [
            33.913829,
            35.178149
          ]
        ],
        "type": "LineString"
      },
      "id": "621e20245de47e217cd459f8ea0b5728"
    },
    {
      "type": "Feature",
      "properties": {
        "route_id": 4,
        "offset": -3
      },
      "geometry": {
        "coordinates": [
          [
            34.922078,
            32.09685
          ],
          [
            34.923743,
            32.117075
          ],
          [
            34.929946,
            32.149788
          ],
          [
            34.933975,
            32.169185
          ],
          [
            34.94542,
            32.208959
          ],
          [
            34.953149,
            32.244059
          ],
          [
            34.96148,
            32.29343
          ],
          [
            34.96505,
            32.318419
          ],
          [
            34.95493,
            32.352328
          ],
          [
            34.94958,
            32.380279
          ],
          [
            34.943629,
            32.400509
          ],
          [
            34.94244,
            32.43144
          ],
          [
            34.934709,
            32.46059
          ],
          [
            34.92281,
            32.48617
          ],
          [
            34.911509,
            32.49807
          ],
          [
            34.89602,
            32.507499
          ]
        ],
        "type": "LineString"
      },
      "id": "62f5a4b95d336b3e6d52b1d4c738c984"
    },
    {
      "type": "Feature",
      "properties": {
        "route_id": 1,
        "offset": 2
      },
      "geometry": {
        "coordinates": [
          [
            31.182179,
            38.300279
          ],
          [
            31.2045,
            38.267169
          ],
          [
            31.22642,
            38.254619
          ],
          [
            31.242539,
            38.23866
          ],
          [
            31.2518,
            38.22005
          ],
          [
            31.278319,
            38.198179
          ],
          [
            31.304229,
            38.169959
          ],
          [
            31.340459,
            38.136599
          ],
          [
            31.36151,
            38.120829
          ],
          [
            31.3829,
            38.099539
          ],
          [
            31.426359,
            38.0516
          ],
          [
            31.447969,
            38.02747
          ],
          [
            31.463929,
            38.001609
          ],
          [
            31.49921,
            37.956819
          ],
          [
            31.60088,
            37.91832
          ],
          [
            31.63616,
            37.903
          ],
          [
            31.66064,
            37.89256
          ],
          [
            31.706019,
            37.86699
          ],
          [
            31.716749,
            37.862849
          ],
          [
            31.76417,
            37.86758
          ],
          [
            31.78412,
            37.869039
          ],
          [
            31.804109,
            37.86975
          ],
          [
            31.838219,
            37.87397
          ],
          [
            31.86053,
            37.88458
          ],
          [
            31.882139,
            37.89062
          ],
          [
            31.90852,
            37.89681
          ],
          [
            31.9294,
            37.89904
          ],
          [
            31.955079,
            37.900659
          ],
          [
            31.971589,
            37.89516
          ],
          [
            31.98529,
            37.88881
          ],
          [
            32.011989,
            37.87079
          ],
          [
            32.051659,
            37.86
          ],
          [
            32.06365,
            37.85791
          ],
          [
            32.089889,
            37.85821
          ],
          [
            32.1103,
            37.871289
          ],
          [
            32.12016,
            37.879759
          ],
          [
            32.13787,
            37.88541
          ],
          [
            32.164628,
            37.89033
          ],
          [
            32.19642,
            37.89743
          ],
          [
            32.216909,
            37.899079
          ],
          [
            32.246839,
            37.89184
          ],
          [
            32.275568,
            37.882519
          ],
          [
            32.30919,
            37.87843
          ],
          [
            32.337569,
            37.87621
          ],
          [
            32.366089,
            37.87094
          ],
          [
            32.387999,
            37.86953
          ],
          [
            32.423989,
            37.869539
          ],
          [
            32.454879,
            37.868379
          ],
          [
            32.48697,
            37.869269
          ],
          [
            32.492175,
            37.869197
          ]
        ],
        "type": "LineString"
      },
      "id": "653cb9be5b088ccc830430305d05fb47"
    },
    {
      "type": "Feature",
      "properties": {
        "Notes": "",
        "Place Name": "Ephesus",
        "second": "Acts.18.19",
        "Place ID": "400",
        "third": "Acts.19.1",
        "anchor": "bottom-left",
        "Source Link": "http://imperium.ahlfeldt.se/places/21155"
      },
      "geometry": {
        "coordinates": [
          27.339722,
          37.941944
        ],
        "type": "Point"
      },
      "id": "655ef77e4e5869a9672c07fbe41b927f"
    },
    {
      "type": "Feature",
      "properties": {
        "Notes": "",
        "Place Name": "Patara",
        "Place ID": "924",
        "third": "Acts.21.1",
        "anchor": "top-right",
        "Source Link": "http://imperium.ahlfeldt.se/places/21460"
      },
      "geometry": {
        "coordinates": [
          29.314279,
          36.26018
        ],
        "type": "Point"
      },
      "id": "666144cc97038b2ed07a4f81d585dd62"
    },
    {
      "type": "Feature",
      "properties": {
        "route_id": 2
      },
      "geometry": {
        "coordinates": [
          [
            33.370959,
            37.33402
          ],
          [
            33.356599,
            37.32342
          ],
          [
            33.334259,
            37.30572
          ],
          [
            33.30959,
            37.28606
          ],
          [
            33.289679,
            37.268389
          ],
          [
            33.27459,
            37.250819
          ],
          [
            33.254908,
            37.22643
          ],
          [
            33.241329,
            37.19929
          ],
          [
            33.23344,
            37.18281
          ],
          [
            33.18526,
            37.18857
          ],
          [
            33.1479,
            37.193569
          ],
          [
            33.115429,
            37.19577
          ],
          [
            33.07809,
            37.19978
          ],
          [
            33.05407,
            37.20022
          ],
          [
            33.02236,
            37.2149
          ],
          [
            32.987859,
            37.24006
          ],
          [
            32.900889,
            37.25343
          ],
          [
            32.84913,
            37.25605
          ],
          [
            32.81646,
            37.26199
          ],
          [
            32.783709,
            37.269829
          ],
          [
            32.747729,
            37.26798
          ],
          [
            32.713479,
            37.252699
          ],
          [
            32.69474,
            37.2407
          ],
          [
            32.667569,
            37.229429
          ],
          [
            32.63225,
            37.21218
          ],
          [
            32.59667,
            37.201629
          ],
          [
            32.570529,
            37.19517
          ],
          [
            32.558919,
            37.21406
          ],
          [
            32.545738,
            37.24156
          ],
          [
            32.533749,
            37.26908
          ],
          [
            32.515569,
            37.300289
          ],
          [
            32.50475,
            37.327849
          ],
          [
            32.492679,
            37.35634
          ],
          [
            32.47981,
            37.3752
          ],
          [
            32.466589,
            37.401739
          ],
          [
            32.456159,
            37.41971
          ],
          [
            32.43952,
            37.441349
          ],
          [
            32.41371,
            37.47907
          ],
          [
            32.393929,
            37.515999
          ],
          [
            32.38448,
            37.53785
          ],
          [
            32.36506,
            37.56614
          ],
          [
            32.34697,
            37.59158
          ],
          [
            32.346156,
            37.592533
          ]
        ],
        "type": "LineString"
      },
      "id": "6b763108351b30c0938d8000f61ab647"
    },
    {
      "type": "Feature",
      "properties": {
        "route_id": 1
      },
      "geometry": {
        "coordinates": [
          [
            33.90294,
            35.17926
          ],
          [
            33.91383,
            35.178149
          ],
          [
            33.91621,
            35.15674
          ],
          [
            33.949039,
            35.128179
          ],
          [
            33.956179,
            35.121999
          ],
          [
            33.90812,
            35.10058
          ],
          [
            33.870999,
            35.07774
          ],
          [
            33.8634,
            35.066639
          ],
          [
            33.849109,
            35.04728
          ],
          [
            33.80628,
            35.004929
          ],
          [
            33.78058,
            34.99113
          ],
          [
            33.761259,
            34.990649
          ],
          [
            33.72081,
            34.989219
          ],
          [
            33.69511,
            34.98351
          ],
          [
            33.65846,
            34.9621
          ],
          [
            33.64895,
            34.939259
          ],
          [
            33.63895,
            34.929739
          ],
          [
            33.6242,
            34.92879
          ],
          [
            33.60945,
            34.917359
          ],
          [
            33.603259,
            34.90071
          ],
          [
            33.60088,
            34.87644
          ],
          [
            33.59041,
            34.85217
          ],
          [
            33.57804,
            34.83789
          ],
          [
            33.54092,
            34.81314
          ],
          [
            33.491659,
            34.78364
          ],
          [
            33.47882,
            34.77936
          ],
          [
            33.42789,
            34.76318
          ],
          [
            33.3922,
            34.749369
          ],
          [
            33.35841,
            34.734619
          ],
          [
            33.32939,
            34.73177
          ],
          [
            33.31558,
            34.74747
          ],
          [
            33.30369,
            34.75128
          ],
          [
            33.29607,
            34.748419
          ],
          [
            33.279889,
            34.736999
          ],
          [
            33.26942,
            34.735099
          ],
          [
            33.25515,
            34.73653
          ],
          [
            33.219929,
            34.73367
          ],
          [
            33.20375,
            34.715109
          ],
          [
            33.16925,
            34.716539
          ],
          [
            33.14831,
            34.71606
          ],
          [
            33.12737,
            34.712729
          ],
          [
            33.09929,
            34.703209
          ],
          [
            33.0774,
            34.69512
          ],
          [
            33.03362,
            34.667999
          ],
          [
            32.984599,
            34.657049
          ],
          [
            32.942719,
            34.65229
          ],
          [
            32.916919,
            34.658209
          ],
          [
            32.89513,
            34.66847
          ],
          [
            32.876099,
            34.6699
          ],
          [
            32.855629,
            34.67418
          ],
          [
            32.847069,
            34.682269
          ],
          [
            32.83993,
            34.69179
          ],
          [
            32.80543,
            34.67799
          ],
          [
            32.76307,
            34.695599
          ],
          [
            32.74594,
            34.70416
          ],
          [
            32.72881,
            34.7113
          ],
          [
            32.715959,
            34.7075
          ],
          [
            32.697879,
            34.709399
          ],
          [
            32.657429,
            34.698449
          ],
          [
            32.63458,
            34.693219
          ],
          [
            32.60936,
            34.68465
          ],
          [
            32.59542,
            34.693601
          ],
          [
            32.58509,
            34.707969
          ],
          [
            32.5632,
            34.7113
          ],
          [
            32.543499,
            34.718919
          ],
          [
            32.50209,
            34.73272
          ],
          [
            32.471639,
            34.74271
          ],
          [
            32.45165,
            34.75508
          ],
          [
            32.43404,
            34.76318
          ],
          [
            32.416429,
            34.75937
          ],
          [
            32.40795,
            34.76025
          ]
        ],
        "type": "LineString"
      },
      "id": "6bc0b3ff6f27a57a43678b74e5fde6ab"
    },
    {
      "type": "Feature",
      "properties": {
        "route_id": 2,
        "offset": 2
      },
      "geometry": {
        "coordinates": [
          [
            27.342829,
            37.94245
          ],
          [
            27.315933,
            37.957403
          ],
          [
            27.264234,
            37.956808
          ],
          [
            27.082646,
            37.701322
          ],
          [
            26.990032,
            37.692529
          ],
          [
            26.94743,
            37.623608
          ],
          [
            27.227124,
            37.19399
          ],
          [
            27.156737,
            36.985656
          ],
          [
            27.381623,
            36.897489
          ],
          [
            27.357143,
            36.691449
          ],
          [
            27.282295,
            36.636307
          ],
          [
            27.351559,
            36.48476
          ],
          [
            28.109549,
            36.486902
          ],
          [
            28.25333,
            36.462785
          ],
          [
            28.24245,
            36.407891
          ],
          [
            29.026539,
            36.385697
          ],
          [
            29.327479,
            36.24848
          ],
          [
            30.5069,
            35.029778
          ],
          [
            30.816396,
            34.871229
          ],
          [
            32.077596,
            34.864881
          ],
          [
            32.401939,
            34.75334
          ],
          [
            32.9055,
            34.46395
          ],
          [
            34.89602,
            32.507499
          ],
          [
            34.896638,
            32.500569
          ]
        ],
        "type": "LineString"
      },
      "id": "6eb8c1d6196ea2c8a936bd2136a31d1c"
    },
    {
      "type": "Feature",
      "properties": {
        "route_id": 1
      },
      "geometry": {
        "coordinates": [
          [
            30.853866,
            36.961562
          ],
          [
            30.85592,
            36.96693
          ],
          [
            30.84509,
            36.95894
          ],
          [
            30.825399,
            36.94892
          ],
          [
            30.807769,
            36.94172
          ],
          [
            30.765079,
            36.92059
          ],
          [
            30.734109,
            36.910009
          ],
          [
            30.70223,
            36.89665
          ],
          [
            30.70541,
            36.8839
          ]
        ],
        "type": "LineString"
      },
      "id": "73a1bf151b2b9c70828be5d6b5617562"
    },
    {
      "type": "Feature",
      "properties": {
        "Place Name": "Fair Havens",
        "Place ID": 424,
        "rome": "Acts.27.8",
        "Source Link": "https://en.wikipedia.org/wiki/Kaloi_Limenes",
        "anchor": "bottom",
        "Notes": ""
      },
      "geometry": {
        "coordinates": [
          24.731141,
          34.921384
        ],
        "type": "Point"
      },
      "id": "73c15a63810d05536f2847b8f7c05e75"
    },
    {
      "type": "Feature",
      "properties": {
        "route_id": 2
      },
      "geometry": {
        "coordinates": [
          [
            24.415015,
            40.93504
          ],
          [
            24.402813,
            40.939641
          ],
          [
            24.388179,
            40.944994
          ],
          [
            24.362096,
            40.962076
          ],
          [
            24.35596,
            40.970834
          ],
          [
            24.31858,
            41.002815
          ],
          [
            24.291989,
            41.017806
          ]
        ],
        "type": "LineString"
      },
      "id": "778b817467389952ad52dd125241e226"
    },
    {
      "type": "Feature",
      "properties": {
        "Notes": "",
        "Place Name": "Apollonia",
        "second": "Acts.17.1",
        "Place ID": "76",
        "anchor": "top-left",
        "Source Link": "http://imperium.ahlfeldt.se/places/21883"
      },
      "geometry": {
        "coordinates": [
          23.469685,
          40.623703
        ],
        "type": "Point"
      },
      "id": "78ed23e2d9f444a7ba222a7ee3c49449"
    },
    {
      "type": "Feature",
      "properties": {
        "route_id": 3,
        "offset": 3
      },
      "geometry": {
        "coordinates": [
          [
            33.370959,
            37.33402
          ],
          [
            33.356599,
            37.32342
          ],
          [
            33.334259,
            37.30572
          ],
          [
            33.30959,
            37.28606
          ],
          [
            33.289679,
            37.268389
          ],
          [
            33.27459,
            37.250819
          ],
          [
            33.254908,
            37.22643
          ],
          [
            33.241329,
            37.19929
          ],
          [
            33.23344,
            37.18281
          ],
          [
            33.18526,
            37.18857
          ],
          [
            33.1479,
            37.193569
          ],
          [
            33.115429,
            37.19577
          ],
          [
            33.07809,
            37.19978
          ],
          [
            33.05407,
            37.20022
          ],
          [
            33.02236,
            37.2149
          ],
          [
            32.987859,
            37.24006
          ],
          [
            32.900889,
            37.25343
          ],
          [
            32.84913,
            37.25605
          ],
          [
            32.81646,
            37.26199
          ],
          [
            32.783709,
            37.269829
          ],
          [
            32.747729,
            37.26798
          ],
          [
            32.713479,
            37.252699
          ],
          [
            32.69474,
            37.2407
          ],
          [
            32.667569,
            37.229429
          ],
          [
            32.63225,
            37.21218
          ],
          [
            32.59667,
            37.201629
          ],
          [
            32.570529,
            37.19517
          ],
          [
            32.558919,
            37.21406
          ],
          [
            32.545738,
            37.24156
          ],
          [
            32.533749,
            37.26908
          ],
          [
            32.515569,
            37.300289
          ],
          [
            32.50475,
            37.327849
          ],
          [
            32.492679,
            37.35634
          ],
          [
            32.47981,
            37.3752
          ],
          [
            32.466589,
            37.401739
          ],
          [
            32.456159,
            37.41971
          ],
          [
            32.43952,
            37.441349
          ],
          [
            32.41371,
            37.47907
          ],
          [
            32.393929,
            37.515999
          ],
          [
            32.38448,
            37.53785
          ],
          [
            32.36506,
            37.56614
          ],
          [
            32.34697,
            37.59158
          ],
          [
            32.346156,
            37.592533
          ]
        ],
        "type": "LineString"
      },
      "id": "78f71aa6a824e2f6b3da68c00cae5979"
    },
    {
      "type": "Feature",
      "properties": {
        "route_id": 4,
        "offset": -3
      },
      "geometry": {
        "coordinates": [
          [
            35.222939,
            31.774519
          ],
          [
            35.222223,
            31.777954
          ],
          [
            35.219368,
            31.784379
          ],
          [
            35.224079,
            31.792707
          ],
          [
            35.215275,
            31.793897
          ],
          [
            35.208137,
            31.796276
          ],
          [
            35.20195,
            31.798894
          ],
          [
            35.196239,
            31.800797
          ],
          [
            35.188863,
            31.802701
          ],
          [
            35.181963,
            31.803177
          ],
          [
            35.175538,
            31.801749
          ],
          [
            35.161023,
            31.802225
          ],
          [
            35.156264,
            31.803177
          ],
          [
            35.152219,
            31.799607
          ],
          [
            35.150792,
            31.801273
          ],
          [
            35.150792,
            31.80389
          ],
          [
            35.146271,
            31.803653
          ],
          [
            35.14056,
            31.80508
          ],
          [
            35.133422,
            31.808649
          ],
          [
            35.12438,
            31.811743
          ],
          [
            35.112006,
            31.813646
          ],
          [
            35.105582,
            31.813646
          ],
          [
            35.089164,
            31.813408
          ],
          [
            35.07917,
            31.816978
          ],
          [
            35.067035,
            31.82483
          ],
          [
            35.056803,
            31.826257
          ],
          [
            35.047047,
            31.83054
          ],
          [
            35.043954,
            31.833634
          ],
          [
            35.03515,
            31.84339
          ],
          [
            35.028963,
            31.848624
          ],
          [
            35.017542,
            31.852194
          ],
          [
            35.00969,
            31.852432
          ],
          [
            35.004455,
            31.851242
          ],
          [
            34.994699,
            31.848624
          ],
          [
            34.989797,
            31.849338
          ],
          [
            34.95244,
            31.877416
          ],
          [
            34.934832,
            31.890265
          ],
          [
            34.92579,
            31.897879
          ],
          [
            34.909134,
            31.914297
          ],
          [
            34.906992,
            31.916915
          ],
          [
            34.899616,
            31.93143
          ],
          [
            34.89795,
            31.936426
          ],
          [
            34.894143,
            31.939758
          ],
          [
            34.895095,
            31.948562
          ],
          [
            34.894714,
            31.965503
          ],
          [
            34.901614,
            31.987157
          ],
          [
            34.908515,
            31.999292
          ],
          [
            34.916367,
            32.017376
          ],
          [
            34.920174,
            32.031653
          ],
          [
            34.922316,
            32.042122
          ],
          [
            34.923268,
            32.055447
          ],
          [
            34.923268,
            32.069485
          ],
          [
            34.922078,
            32.09685
          ]
        ],
        "type": "LineString"
      },
      "id": "7a8f790cfb205990bf792bc2b1d527b1"
    },
    {
      "type": "Feature",
      "properties": {
        "route_id": 3,
        "offset": 3
      },
      "geometry": {
        "coordinates": [
          [
            31.180955,
            38.300652
          ],
          [
            31.137173,
            38.313725
          ],
          [
            31.116702,
            38.319273
          ],
          [
            31.090083,
            38.325584
          ],
          [
            31.063121,
            38.330494
          ],
          [
            31.020339,
            38.33002
          ],
          [
            30.97903,
            38.31688
          ],
          [
            30.935009,
            38.29988
          ],
          [
            30.908398,
            38.296888
          ],
          [
            30.89111,
            38.295539
          ],
          [
            30.857896,
            38.287399
          ],
          [
            30.79825,
            38.27388
          ],
          [
            30.74969,
            38.238359
          ],
          [
            30.735039,
            38.21946
          ],
          [
            30.71535,
            38.201119
          ],
          [
            30.684188,
            38.178829
          ],
          [
            30.655598,
            38.162089
          ],
          [
            30.613495,
            38.142263
          ],
          [
            30.59411,
            38.13436
          ],
          [
            30.569717,
            38.119242
          ],
          [
            30.539776,
            38.106476
          ],
          [
            30.50935,
            38.08733
          ],
          [
            30.502324,
            38.084436
          ],
          [
            30.479966,
            38.077827
          ],
          [
            30.47141,
            38.071882
          ],
          [
            30.468079,
            38.073228
          ],
          [
            30.46213,
            38.073942
          ],
          [
            30.454043,
            38.072644
          ],
          [
            30.44291,
            38.072337
          ],
          [
            30.420728,
            38.069897
          ],
          [
            30.415627,
            38.069999
          ],
          [
            30.405975,
            38.075845
          ],
          [
            30.399788,
            38.076321
          ],
          [
            30.394316,
            38.076083
          ],
          [
            30.388375,
            38.074511
          ],
          [
            30.381284,
            38.07321
          ],
          [
            30.374566,
            38.073704
          ],
          [
            30.370045,
            38.076321
          ],
          [
            30.363316,
            38.083711
          ],
          [
            30.358862,
            38.08798
          ],
          [
            30.353865,
            38.088932
          ],
          [
            30.348154,
            38.088456
          ],
          [
            30.340189,
            38.083209
          ],
          [
            30.333164,
            38.077035
          ],
          [
            30.326263,
            38.069897
          ],
          [
            30.31793,
            38.065189
          ],
          [
            30.297515,
            38.062142
          ],
          [
            30.291409,
            38.06607
          ],
          [
            30.28915,
            38.07191
          ],
          [
            30.28454,
            38.07939
          ],
          [
            30.277273,
            38.087416
          ],
          [
            30.266785,
            38.093769
          ],
          [
            30.25226,
            38.09945
          ],
          [
            30.24201,
            38.099959
          ],
          [
            30.213705,
            38.091431
          ],
          [
            30.19203,
            38.082249
          ],
          [
            30.175514,
            38.078562
          ],
          [
            30.17098,
            38.074119
          ],
          [
            30.137744,
            38.05825
          ],
          [
            30.11712,
            38.047261
          ],
          [
            30.083424,
            38.030316
          ],
          [
            30.06602,
            38.020609
          ],
          [
            30.024595,
            38.004542
          ],
          [
            30.01331,
            38.000309
          ],
          [
            29.995199,
            37.99186
          ],
          [
            29.97932,
            37.98186
          ],
          [
            29.95972,
            37.966679
          ],
          [
            29.929881,
            37.953565
          ],
          [
            29.91343,
            37.945859
          ],
          [
            29.873414,
            37.927761
          ],
          [
            29.86463,
            37.91824
          ],
          [
            29.847597,
            37.907658
          ],
          [
            29.834759,
            37.90162
          ],
          [
            29.8003,
            37.8781
          ],
          [
            29.780909,
            37.869179
          ],
          [
            29.75337,
            37.84672
          ],
          [
            29.74443,
            37.836629
          ],
          [
            29.729639,
            37.83055
          ],
          [
            29.713635,
            37.828748
          ],
          [
            29.693299,
            37.827874
          ],
          [
            29.682759,
            37.82781
          ],
          [
            29.67202,
            37.82544
          ],
          [
            29.649703,
            37.828847
          ],
          [
            29.636239,
            37.832889
          ],
          [
            29.616369,
            37.83432
          ],
          [
            29.56638,
            37.829589
          ],
          [
            29.552595,
            37.832071
          ],
          [
            29.53406,
            37.843199
          ],
          [
            29.51063,
            37.845859
          ],
          [
            29.461789,
            37.844929
          ],
          [
            29.44348,
            37.847889
          ],
          [
            29.4231,
            37.84561
          ],
          [
            29.39456,
            37.83466
          ],
          [
            29.368389,
            37.82589
          ],
          [
            29.34813,
            37.82258
          ],
          [
            29.3251,
            37.82114
          ],
          [
            29.28053,
            37.81629
          ],
          [
            29.25581,
            37.80947
          ],
          [
            29.20974,
            37.80361
          ],
          [
            29.20124,
            37.81124
          ],
          [
            29.188039,
            37.81447
          ],
          [
            29.182919,
            37.81414
          ],
          [
            29.116253,
            37.843364
          ],
          [
            29.088893,
            37.853184
          ],
          [
            29.06586,
            37.862719
          ],
          [
            29.020652,
            37.873132
          ],
          [
            29.008589,
            37.8804
          ],
          [
            28.98341,
            37.886899
          ],
          [
            28.95,
            37.89795
          ],
          [
            28.927579,
            37.90258
          ],
          [
            28.915409,
            37.9079
          ],
          [
            28.90514,
            37.91947
          ],
          [
            28.86123,
            37.931829
          ],
          [
            28.83422,
            37.93102
          ],
          [
            28.813829,
            37.92861
          ],
          [
            28.79557,
            37.93042
          ],
          [
            28.7499,
            37.9467
          ],
          [
            28.728119,
            37.9452
          ],
          [
            28.690096,
            37.928543
          ],
          [
            28.679478,
            37.92265
          ],
          [
            28.649422,
            37.90424
          ],
          [
            28.618619,
            37.891939
          ],
          [
            28.595942,
            37.87992
          ],
          [
            28.581681,
            37.875184
          ],
          [
            28.58191,
            37.88297
          ],
          [
            28.571309,
            37.91113
          ],
          [
            28.56334,
            37.91596
          ],
          [
            28.55347,
            37.91575
          ],
          [
            28.523119,
            37.92142
          ],
          [
            28.491092,
            37.924531
          ],
          [
            28.46571,
            37.925629
          ],
          [
            28.449919,
            37.92841
          ],
          [
            28.4338,
            37.92871
          ],
          [
            28.41309,
            37.93113
          ],
          [
            28.39724,
            37.93438
          ],
          [
            28.36683,
            37.9351
          ],
          [
            28.35484,
            37.931769
          ],
          [
            28.312345,
            37.923506
          ],
          [
            28.29673,
            37.92062
          ],
          [
            28.277916,
            37.914479
          ],
          [
            28.270039,
            37.91079
          ],
          [
            28.252599,
            37.906549
          ],
          [
            28.23651,
            37.90143
          ],
          [
            28.178949,
            37.901519
          ],
          [
            28.15319,
            37.899569
          ],
          [
            28.14318,
            37.89538
          ],
          [
            28.134809,
            37.88788
          ],
          [
            28.122079,
            37.88054
          ],
          [
            28.111855,
            37.876276
          ],
          [
            28.098079,
            37.869389
          ],
          [
            28.08232,
            37.86672
          ],
          [
            28.05775,
            37.86533
          ],
          [
            28.0439,
            37.866539
          ],
          [
            28.01811,
            37.87017
          ],
          [
            27.989047,
            37.867917
          ],
          [
            27.95929,
            37.86561
          ],
          [
            27.94624,
            37.86606
          ],
          [
            27.919455,
            37.863161
          ],
          [
            27.90171,
            37.8611
          ],
          [
            27.886106,
            37.859661
          ],
          [
            27.871569,
            37.85971
          ],
          [
            27.84964,
            37.861899
          ],
          [
            27.838647,
            37.861372
          ],
          [
            27.824709,
            37.863122
          ],
          [
            27.79623,
            37.86845
          ],
          [
            27.772469,
            37.86579
          ],
          [
            27.754236,
            37.863315
          ],
          [
            27.73891,
            37.861899
          ],
          [
            27.724276,
            37.864642
          ],
          [
            27.703059,
            37.866369
          ],
          [
            27.68934,
            37.86722
          ],
          [
            27.67507,
            37.867539
          ],
          [
            27.65301,
            37.87066
          ],
          [
            27.63567,
            37.87072
          ],
          [
            27.628109,
            37.87648
          ],
          [
            27.60581,
            37.876619
          ],
          [
            27.595649,
            37.87382
          ],
          [
            27.565329,
            37.873789
          ],
          [
            27.54189,
            37.86842
          ],
          [
            27.527104,
            37.859776
          ],
          [
            27.51977,
            37.86543
          ],
          [
            27.509913,
            37.874783
          ],
          [
            27.50851,
            37.87608
          ],
          [
            27.50343,
            37.878559
          ],
          [
            27.49008,
            37.880059
          ],
          [
            27.466889,
            37.87836
          ],
          [
            27.444515,
            37.875076
          ],
          [
            27.43581,
            37.87391
          ],
          [
            27.423049,
            37.87284
          ],
          [
            27.413429,
            37.877985
          ],
          [
            27.38938,
            37.887679
          ],
          [
            27.37497,
            37.89018
          ],
          [
            27.36701,
            37.89695
          ],
          [
            27.363412,
            37.923705
          ],
          [
            27.35754,
            37.932419
          ],
          [
            27.339722,
            37.941944
          ]
        ],
        "type": "LineString"
      },
      "id": "7d4813ba061a64646d90cb255c3dd00a"
    },
    {
      "type": "Feature",
      "properties": {
        "Notes": "",
        "Place Name": "Malta",
        "Place ID": "761",
        "anchor": "right",
        "rome": "Acts.28.1",
        "Source Link": "http://imperium.ahlfeldt.se/places/25440"
      },
      "geometry": {
        "coordinates": [
          14.400124,
          35.885167
        ],
        "type": "Point"
      },
      "id": "7dea07b1b72f27fa13d2a45731a1569e"
    },
    {
      "type": "Feature",
      "properties": {
        "Place ID": "266",
        "Place Name": "Caesarea",
        "Source Link": "http://imperium.ahlfeldt.se/places/21149",
        "rome": "Acts.23.33",
        "second": "Acts.18.22",
        "third": "Acts.21.8",
        "Notes": ""
      },
      "geometry": {
        "coordinates": [
          34.891266,
          32.498776
        ],
        "type": "Point"
      },
      "id": "7ffc27ad3f49e189caebe3c26d8fcfc8"
    },
    {
      "type": "Feature",
      "properties": {
        "Notes": "Not mentioned by name in the third journey; mapped as a likely stop within the region.",
        "Place Name": "Derbe",
        "second": "Acts.16.1",
        "first": "Acts.14.6",
        "Place ID": "330",
        "third": "Acts.18.23",
        "anchor": "bottom-right",
        "Source Link": "http://imperium.ahlfeldt.se/places/21521"
      },
      "geometry": {
        "coordinates": [
          33.361452,
          37.348569
        ],
        "type": "Point"
      },
      "id": "80259ebbac7ec90dd3f83b53e4506875"
    },
    {
      "type": "Feature",
      "properties": {
        "route_id": 3,
        "offset": 3
      },
      "geometry": {
        "coordinates": [
          [
            32.348169,
            37.591609
          ],
          [
            32.358289,
            37.60826
          ],
          [
            32.375158,
            37.635689
          ],
          [
            32.391928,
            37.665999
          ],
          [
            32.402879,
            37.69134
          ],
          [
            32.41661,
            37.720639
          ],
          [
            32.445549,
            37.761169
          ],
          [
            32.463459,
            37.79121
          ],
          [
            32.470019,
            37.816849
          ],
          [
            32.489779,
            37.83472
          ],
          [
            32.50437,
            37.85346
          ],
          [
            32.512864,
            37.868188
          ],
          [
            32.496862,
            37.868981
          ],
          [
            32.492175,
            37.869197
          ],
          [
            32.492175,
            37.869197
          ]
        ],
        "type": "LineString"
      },
      "id": "854f43da1837e8d7f0c9fc353757df1a"
    },
    {
      "type": "Feature",
      "properties": {
        "route_id": 2
      },
      "geometry": {
        "coordinates": [
          [
            32.348169,
            37.591609
          ],
          [
            32.358289,
            37.60826
          ],
          [
            32.375158,
            37.635689
          ],
          [
            32.391928,
            37.665999
          ],
          [
            32.402879,
            37.69134
          ],
          [
            32.41661,
            37.720639
          ],
          [
            32.445549,
            37.761169
          ],
          [
            32.463459,
            37.79121
          ],
          [
            32.470019,
            37.816849
          ],
          [
            32.489779,
            37.83472
          ],
          [
            32.50437,
            37.85346
          ],
          [
            32.512864,
            37.868188
          ],
          [
            32.496862,
            37.868981
          ],
          [
            32.492175,
            37.869197
          ],
          [
            32.492175,
            37.869197
          ]
        ],
        "type": "LineString"
      },
      "id": "88a89b731a52af7d5cde001319ef40b5"
    },
    {
      "type": "Feature",
      "properties": {
        "Notes": "",
        "Place Name": "Cenchreae",
        "second": "Acts.18.18",
        "Place ID": "Acts.21.1",
        "anchor": "top-right",
        "Source Link": "http://imperium.ahlfeldt.se/places/21953"
      },
      "geometry": {
        "coordinates": [
          22.992532,
          37.88239
        ],
        "type": "Point"
      },
      "id": "899d6a08c3efe738974edfcae1fcaba1"
    },
    {
      "type": "Feature",
      "properties": {
        "route_id": 2
      },
      "geometry": {
        "coordinates": [
          [
            22.949569,
            40.630282
          ],
          [
            22.95541,
            40.64061
          ],
          [
            22.93279,
            40.656419
          ],
          [
            22.92327,
            40.658799
          ],
          [
            22.87925,
            40.66594
          ],
          [
            22.849739,
            40.66237
          ],
          [
            22.794469,
            40.64148
          ],
          [
            22.740324,
            40.620746
          ],
          [
            22.720059,
            40.6124
          ],
          [
            22.697205,
            40.604785
          ],
          [
            22.677229,
            40.59813
          ],
          [
            22.648611,
            40.584917
          ],
          [
            22.625357,
            40.573676
          ],
          [
            22.60466,
            40.56362
          ],
          [
            22.57968,
            40.546969
          ],
          [
            22.563379,
            40.528229
          ],
          [
            22.56064,
            40.524359
          ],
          [
            22.561454,
            40.507261
          ],
          [
            22.54075,
            40.507224
          ],
          [
            22.533797,
            40.507545
          ],
          [
            22.521416,
            40.508116
          ],
          [
            22.472043,
            40.50425
          ],
          [
            22.428023,
            40.50187
          ],
          [
            22.419992,
            40.505737
          ],
          [
            22.408689,
            40.512578
          ],
          [
            22.3959,
            40.524773
          ],
          [
            22.383778,
            40.532341
          ],
          [
            22.373369,
            40.529979
          ],
          [
            22.369762,
            40.528775
          ],
          [
            22.353532,
            40.52336
          ],
          [
            22.339459,
            40.518669
          ],
          [
            22.32879,
            40.512927
          ],
          [
            22.324,
            40.51035
          ],
          [
            22.30258,
            40.5038
          ],
          [
            22.290978,
            40.49945
          ],
          [
            22.288309,
            40.498449
          ],
          [
            22.27462,
            40.495479
          ],
          [
            22.25618,
            40.50023
          ],
          [
            22.23953,
            40.50797
          ],
          [
            22.222869,
            40.51749
          ],
          [
            22.21097,
            40.522839
          ],
          [
            22.208087,
            40.525494
          ]
        ],
        "type": "LineString"
      },
      "id": "8b6ac63d51446fa8933bf71b6e71a1bd"
    },
    {
      "type": "Feature",
      "properties": {
        "route_id": 3,
        "offset": -2
      },
      "geometry": {
        "coordinates": [
          [
            34.89602,
            32.507499
          ],
          [
            34.911509,
            32.49807
          ],
          [
            34.92281,
            32.48617
          ],
          [
            34.934709,
            32.46059
          ],
          [
            34.94244,
            32.43144
          ],
          [
            34.943629,
            32.400509
          ],
          [
            34.94958,
            32.380279
          ],
          [
            34.95493,
            32.352328
          ],
          [
            34.96505,
            32.318419
          ],
          [
            34.96148,
            32.29343
          ],
          [
            34.953149,
            32.244059
          ],
          [
            34.94542,
            32.208959
          ],
          [
            34.933975,
            32.169185
          ],
          [
            34.929946,
            32.149788
          ],
          [
            34.923743,
            32.117075
          ],
          [
            34.922078,
            32.09685
          ],
          [
            34.923268,
            32.069485
          ],
          [
            34.923268,
            32.055447
          ],
          [
            34.922316,
            32.042122
          ],
          [
            34.920174,
            32.031653
          ],
          [
            34.916367,
            32.017376
          ],
          [
            34.908515,
            31.999292
          ],
          [
            34.901614,
            31.987157
          ],
          [
            34.894714,
            31.965503
          ],
          [
            34.895095,
            31.948562
          ],
          [
            34.894143,
            31.939758
          ],
          [
            34.89795,
            31.936426
          ],
          [
            34.899616,
            31.93143
          ],
          [
            34.906992,
            31.916915
          ],
          [
            34.909134,
            31.914297
          ],
          [
            34.92579,
            31.897879
          ],
          [
            34.934832,
            31.890265
          ],
          [
            34.95244,
            31.877416
          ],
          [
            34.989797,
            31.849338
          ],
          [
            34.994699,
            31.848624
          ],
          [
            35.004455,
            31.851242
          ],
          [
            35.00969,
            31.852432
          ],
          [
            35.017542,
            31.852194
          ],
          [
            35.028963,
            31.848624
          ],
          [
            35.03515,
            31.84339
          ],
          [
            35.043954,
            31.833634
          ],
          [
            35.047047,
            31.83054
          ],
          [
            35.056803,
            31.826257
          ],
          [
            35.067035,
            31.82483
          ],
          [
            35.07917,
            31.816978
          ],
          [
            35.089164,
            31.813408
          ],
          [
            35.105582,
            31.813646
          ],
          [
            35.112006,
            31.813646
          ],
          [
            35.12438,
            31.811743
          ],
          [
            35.133422,
            31.808649
          ],
          [
            35.14056,
            31.80508
          ],
          [
            35.146271,
            31.803653
          ],
          [
            35.150792,
            31.80389
          ],
          [
            35.150792,
            31.801273
          ],
          [
            35.152219,
            31.799607
          ],
          [
            35.156264,
            31.803177
          ],
          [
            35.161023,
            31.802225
          ],
          [
            35.175538,
            31.801749
          ],
          [
            35.181963,
            31.803177
          ],
          [
            35.188863,
            31.802701
          ],
          [
            35.196239,
            31.800797
          ],
          [
            35.20195,
            31.798894
          ],
          [
            35.208137,
            31.796276
          ],
          [
            35.215275,
            31.793897
          ],
          [
            35.224079,
            31.792707
          ],
          [
            35.219368,
            31.784379
          ],
          [
            35.221858,
            31.778775
          ]
        ],
        "type": "LineString"
      },
      "id": "8dee7eeff035f11b904f44820f06d0b1"
    },
    {
      "type": "Feature",
      "properties": {
        "route_id": 3
      },
      "geometry": {
        "coordinates": [
          [
            27.17,
            36.844
          ],
          [
            27.282295,
            36.636307
          ],
          [
            27.351559,
            36.48476
          ],
          [
            28.109549,
            36.486902
          ],
          [
            28.231457,
            36.466454
          ],
          [
            28.227611,
            36.443113
          ]
        ],
        "type": "LineString"
      },
      "id": "8ff83e80f0216f001668b285d25891de"
    },
    {
      "type": "Feature",
      "properties": {
        "route_id": 4
      },
      "geometry": {
        "coordinates": [
          [
            15.273649,
            37.056319
          ],
          [
            15.64228,
            38.10536
          ]
        ],
        "type": "LineString"
      },
      "id": "995538e5f2a784a3fd2be956a4b6cff2"
    },
    {
      "type": "Feature",
      "properties": {
        "Notes": "",
        "Place Name": "Jerusalem",
        "second": "Acts.15.2,Acts.15.4, Acts.18.21",
        "Place ID": "636",
        "anchor": "top",
        "rome": "Acts.21.15,Acts.21.17",
        "Source Link": "http://imperium.ahlfeldt.se/places/15896",
        "third": "Acts.21.13-17"
      },
      "geometry": {
        "coordinates": [
          35.234167,
          31.776667
        ],
        "type": "Point"
      },
      "id": "9a4840d19a80c06707d63fb6f46b9a69"
    },
    {
      "type": "Feature",
      "properties": {
        "route_id": 3,
        "offset": 3
      },
      "geometry": {
        "coordinates": [
          [
            22.878721,
            37.906045
          ],
          [
            22.836991,
            38.037164
          ],
          [
            22.496664,
            38.30642
          ],
          [
            22.45331,
            38.420298
          ],
          [
            22.506418,
            38.506861
          ],
          [
            22.356848,
            38.532301
          ],
          [
            22.350345,
            38.613648
          ],
          [
            22.45331,
            38.70167
          ],
          [
            22.400202,
            38.829279
          ],
          [
            22.456562,
            38.896793
          ],
          [
            22.388994,
            38.961191
          ],
          [
            22.294735,
            39.130648
          ],
          [
            22.252842,
            39.257812
          ],
          [
            22.345355,
            39.296998
          ],
          [
            22.402958,
            39.371254
          ],
          [
            22.397722,
            39.484511
          ],
          [
            22.450088,
            39.557222
          ],
          [
            22.399467,
            39.641955
          ],
          [
            22.450088,
            39.769532
          ],
          [
            22.605441,
            39.991888
          ],
          [
            22.563019,
            40.04728
          ],
          [
            22.563019,
            40.09368
          ],
          [
            22.52614,
            40.13413
          ],
          [
            22.50353,
            40.155549
          ],
          [
            22.49164,
            40.17696
          ],
          [
            22.49283,
            40.2067
          ],
          [
            22.501513,
            40.238808
          ],
          [
            22.511329,
            40.259434
          ],
          [
            22.528733,
            40.287492
          ],
          [
            22.55945,
            40.32925
          ],
          [
            22.587999,
            40.37565
          ],
          [
            22.602921,
            40.403711
          ],
          [
            22.610213,
            40.420719
          ],
          [
            22.598325,
            40.451369
          ],
          [
            22.587501,
            40.468696
          ],
          [
            22.56183,
            40.499379
          ],
          [
            22.561454,
            40.507261
          ],
          [
            22.54075,
            40.507224
          ],
          [
            22.521416,
            40.508116
          ],
          [
            22.428023,
            40.50187
          ],
          [
            22.408689,
            40.512578
          ],
          [
            22.405988,
            40.515154
          ],
          [
            22.3959,
            40.524773
          ],
          [
            22.383778,
            40.532341
          ],
          [
            22.373369,
            40.529979
          ],
          [
            22.339459,
            40.518669
          ],
          [
            22.324,
            40.51035
          ],
          [
            22.30258,
            40.5038
          ],
          [
            22.290978,
            40.49945
          ],
          [
            22.288309,
            40.498449
          ],
          [
            22.27462,
            40.495479
          ],
          [
            22.25618,
            40.500229
          ],
          [
            22.237889,
            40.508907
          ],
          [
            22.222869,
            40.51749
          ],
          [
            22.21097,
            40.52284
          ],
          [
            22.208087,
            40.525494
          ]
        ],
        "type": "LineString"
      },
      "id": "9a90a6af07f3e2e743480c13d8221cc0"
    },
    {
      "type": "Feature",
      "properties": {
        "route_id": 3,
        "offset": 3
      },
      "geometry": {
        "coordinates": [
          [
            22.208087,
            40.525494
          ],
          [
            22.21097,
            40.52284
          ],
          [
            22.222916,
            40.517463
          ],
          [
            22.222916,
            40.517463
          ],
          [
            22.237889,
            40.508907
          ],
          [
            22.25618,
            40.500229
          ],
          [
            22.27462,
            40.495479
          ],
          [
            22.288309,
            40.498449
          ],
          [
            22.294128,
            40.500631
          ],
          [
            22.302579,
            40.5038
          ],
          [
            22.324,
            40.51035
          ],
          [
            22.339459,
            40.518669
          ],
          [
            22.373369,
            40.529979
          ],
          [
            22.383778,
            40.532341
          ],
          [
            22.395378,
            40.525203
          ],
          [
            22.405988,
            40.515154
          ],
          [
            22.408689,
            40.512578
          ],
          [
            22.428023,
            40.50187
          ],
          [
            22.521416,
            40.508116
          ],
          [
            22.54075,
            40.507224
          ],
          [
            22.561454,
            40.507261
          ],
          [
            22.56064,
            40.524359
          ],
          [
            22.563379,
            40.52823
          ],
          [
            22.57968,
            40.546969
          ],
          [
            22.60466,
            40.56362
          ],
          [
            22.675113,
            40.597152
          ],
          [
            22.716581,
            40.611241
          ],
          [
            22.847616,
            40.661567
          ],
          [
            22.87925,
            40.66594
          ],
          [
            22.930165,
            40.657076
          ],
          [
            22.95541,
            40.64061
          ],
          [
            22.9611,
            40.64643
          ],
          [
            22.9611,
            40.67022
          ],
          [
            22.97062,
            40.69045
          ],
          [
            22.99488,
            40.733471
          ],
          [
            23.00869,
            40.73923
          ],
          [
            23.028267,
            40.733471
          ],
          [
            23.044379,
            40.72138
          ],
          [
            23.06342,
            40.711859
          ],
          [
            23.07413,
            40.6964
          ],
          [
            23.10114,
            40.67726
          ],
          [
            23.146902,
            40.665112
          ],
          [
            23.18953,
            40.64881
          ],
          [
            23.231169,
            40.64048
          ],
          [
            23.253156,
            40.6438
          ],
          [
            23.27519,
            40.64881
          ],
          [
            23.289364,
            40.656909
          ],
          [
            23.32992,
            40.66784
          ],
          [
            23.358469,
            40.669029
          ],
          [
            23.372729,
            40.663686
          ],
          [
            23.416778,
            40.657225
          ],
          [
            23.45353,
            40.661889
          ],
          [
            23.48566,
            40.65714
          ],
          [
            23.511388,
            40.643634
          ],
          [
            23.527492,
            40.630292
          ],
          [
            23.566576,
            40.628818
          ],
          [
            23.592858,
            40.643591
          ],
          [
            23.607498,
            40.651819
          ],
          [
            23.6201,
            40.664269
          ],
          [
            23.648335,
            40.673852
          ],
          [
            23.668486,
            40.678332
          ],
          [
            23.677859,
            40.681259
          ],
          [
            23.689099,
            40.686879
          ],
          [
            23.697075,
            40.713026
          ],
          [
            23.708699,
            40.74581
          ],
          [
            23.73074,
            40.766589
          ],
          [
            23.76286,
            40.77373
          ],
          [
            23.77952,
            40.782059
          ],
          [
            23.789039,
            40.79277
          ],
          [
            23.81283,
            40.79752
          ],
          [
            23.83544,
            40.80585
          ],
          [
            23.840418,
            40.818876
          ],
          [
            23.84495,
            40.827269
          ],
          [
            23.857089,
            40.84273
          ],
          [
            23.85971,
            40.86677
          ],
          [
            23.851753,
            40.9062
          ],
          [
            23.84638,
            40.94648
          ],
          [
            23.86899,
            40.96313
          ],
          [
            23.907059,
            40.982169
          ],
          [
            23.968442,
            40.992108
          ],
          [
            24.006914,
            41.005412
          ],
          [
            24.042183,
            41.018325
          ],
          [
            24.120134,
            41.04611
          ],
          [
            24.139087,
            41.053185
          ],
          [
            24.159394,
            41.057067
          ],
          [
            24.181373,
            41.059761
          ],
          [
            24.200666,
            41.061262
          ],
          [
            24.210969,
            41.062064
          ],
          [
            24.232741,
            41.059922
          ],
          [
            24.250587,
            41.054926
          ],
          [
            24.278891,
            41.037802
          ],
          [
            24.281282,
            41.036009
          ],
          [
            24.286278,
            41.024587
          ],
          [
            24.291989,
            41.017806
          ]
        ],
        "type": "LineString"
      },
      "id": "9e16131db6f1f593390014a0827c8341"
    },
    {
      "type": "Feature",
      "properties": {
        "Place ID": 1159,
        "Place Name": "Three Taverns",
        "rome": "924",
        "Source Link": "https://en.wikipedia.org/wiki/Tre_Taverne",
        "anchor": "right",
        "Notes": ""
      },
      "geometry": {
        "coordinates": [
          12.874353,
          41.561743
        ],
        "type": "Point"
      },
      "id": "a8a0fa6a52e1398feb1ff219a137ca3c"
    },
    {
      "type": "Feature",
      "properties": {
        "route_id": 2
      },
      "geometry": {
        "coordinates": [
          [
            31.182179,
            38.300279
          ],
          [
            31.15243,
            38.30932
          ],
          [
            31.123719,
            38.31761
          ],
          [
            31.086939,
            38.326329
          ],
          [
            31.06149,
            38.33078
          ],
          [
            31.02229,
            38.330659
          ],
          [
            31.00558,
            38.325179
          ],
          [
            30.97903,
            38.31688
          ],
          [
            30.95554,
            38.307919
          ],
          [
            30.935009,
            38.29988
          ],
          [
            30.91509,
            38.297409
          ],
          [
            30.89111,
            38.295539
          ],
          [
            30.86347,
            38.28874
          ],
          [
            30.82694,
            38.27995
          ],
          [
            30.798249,
            38.27388
          ],
          [
            30.77635,
            38.25782
          ],
          [
            30.74969,
            38.238359
          ],
          [
            30.735039,
            38.21946
          ],
          [
            30.71535,
            38.20112
          ],
          [
            30.688739,
            38.18165
          ],
          [
            30.663839,
            38.16622
          ],
          [
            30.62715,
            38.147829
          ],
          [
            30.59411,
            38.13436
          ],
          [
            30.56639,
            38.11718
          ],
          [
            30.537249,
            38.10546
          ],
          [
            30.519159,
            38.093489
          ],
          [
            30.504338,
            38.084593
          ],
          [
            30.477639,
            38.077644
          ],
          [
            30.470566,
            38.07224
          ],
          [
            30.468719,
            38.073201
          ],
          [
            30.462927,
            38.074017
          ],
          [
            30.454489,
            38.07279
          ],
          [
            30.443343,
            38.072267
          ],
          [
            30.421028,
            38.069914
          ],
          [
            30.415801,
            38.069926
          ],
          [
            30.406263,
            38.075662
          ],
          [
            30.400512,
            38.076257
          ],
          [
            30.394751,
            38.076101
          ],
          [
            30.387829,
            38.074204
          ],
          [
            30.381138,
            38.073217
          ],
          [
            30.374698,
            38.073783
          ],
          [
            30.37022,
            38.076167
          ],
          [
            30.358775,
            38.088039
          ],
          [
            30.354114,
            38.088924
          ],
          [
            30.348094,
            38.088582
          ],
          [
            30.340466,
            38.083322
          ],
          [
            30.333188,
            38.076875
          ],
          [
            30.326316,
            38.069742
          ],
          [
            30.317828,
            38.065155
          ],
          [
            30.306624,
            38.063463
          ],
          [
            30.297853,
            38.062213
          ],
          [
            30.291409,
            38.06607
          ],
          [
            30.28915,
            38.07191
          ],
          [
            30.28454,
            38.07939
          ],
          [
            30.277185,
            38.087476
          ],
          [
            30.266429,
            38.093903
          ],
          [
            30.252259,
            38.099449
          ],
          [
            30.24201,
            38.099959
          ],
          [
            30.2329,
            38.097379
          ],
          [
            30.21473,
            38.09187
          ],
          [
            30.204449,
            38.08747
          ],
          [
            30.19203,
            38.082249
          ],
          [
            30.175495,
            38.078559
          ],
          [
            30.198878,
            38.107797
          ],
          [
            30.221579,
            38.12979
          ],
          [
            30.24108,
            38.14824
          ],
          [
            30.257739,
            38.16495
          ],
          [
            30.2738,
            38.176869
          ],
          [
            30.293859,
            38.189
          ],
          [
            30.30513,
            38.1983
          ],
          [
            30.31254,
            38.205809
          ],
          [
            30.33079,
            38.20358
          ],
          [
            30.34379,
            38.204239
          ],
          [
            30.36294,
            38.215519
          ],
          [
            30.39558,
            38.23381
          ],
          [
            30.41637,
            38.24991
          ],
          [
            30.44974,
            38.27218
          ],
          [
            30.476759,
            38.2862
          ],
          [
            30.499719,
            38.30081
          ],
          [
            30.52181,
            38.31378
          ],
          [
            30.5463,
            38.322109
          ],
          [
            30.5751,
            38.32668
          ],
          [
            30.60592,
            38.33134
          ],
          [
            30.63494,
            38.346209
          ],
          [
            30.653319,
            38.355799
          ],
          [
            30.6694,
            38.36924
          ],
          [
            30.68323,
            38.385739
          ],
          [
            30.683849,
            38.404
          ],
          [
            30.67632,
            38.42345
          ],
          [
            30.64715,
            38.44901
          ],
          [
            30.62396,
            38.46217
          ],
          [
            30.59643,
            38.479079
          ],
          [
            30.56781,
            38.496719
          ],
          [
            30.552449,
            38.52531
          ],
          [
            30.55132,
            38.53953
          ],
          [
            30.560199,
            38.555019
          ],
          [
            30.576119,
            38.57086
          ],
          [
            30.58696,
            38.58725
          ],
          [
            30.59883,
            38.616369
          ],
          [
            30.61419,
            38.652799
          ],
          [
            30.612279,
            38.6773
          ],
          [
            30.59699,
            38.69163
          ],
          [
            30.578419,
            38.708989
          ],
          [
            30.57255,
            38.73377
          ],
          [
            30.568339,
            38.746859
          ],
          [
            30.566149,
            38.759157
          ],
          [
            30.560229,
            38.768899
          ],
          [
            30.55205,
            38.778469
          ],
          [
            30.54924,
            38.792059
          ],
          [
            30.549489,
            38.81076
          ],
          [
            30.553079,
            38.832539
          ],
          [
            30.551439,
            38.85324
          ],
          [
            30.53987,
            38.87845
          ],
          [
            30.52835,
            38.88953
          ],
          [
            30.519739,
            38.90407
          ],
          [
            30.50749,
            38.924259
          ],
          [
            30.49602,
            38.947809
          ],
          [
            30.483879,
            38.96634
          ],
          [
            30.470069,
            38.97896
          ],
          [
            30.45182,
            38.99386
          ],
          [
            30.43021,
            39.023569
          ],
          [
            30.4169,
            39.042869
          ],
          [
            30.417009,
            39.054519
          ],
          [
            30.40573,
            39.088069
          ],
          [
            30.40409,
            39.107959
          ],
          [
            30.397929,
            39.13095
          ],
          [
            30.3909,
            39.1514
          ],
          [
            30.371639,
            39.1908
          ],
          [
            30.3572,
            39.210049
          ],
          [
            30.32853,
            39.22026
          ],
          [
            30.304529,
            39.2257
          ],
          [
            30.29396,
            39.23682
          ],
          [
            30.280619,
            39.255279
          ],
          [
            30.25903,
            39.282489
          ],
          [
            30.23465,
            39.30455
          ],
          [
            30.212949,
            39.320079
          ],
          [
            30.19821,
            39.3418
          ],
          [
            30.18397,
            39.35772
          ],
          [
            30.16993,
            39.37115
          ],
          [
            30.14313,
            39.383069
          ],
          [
            30.112479,
            39.389789
          ],
          [
            30.0812,
            39.39146
          ],
          [
            30.063589,
            39.39636
          ],
          [
            30.0337,
            39.406419
          ],
          [
            30.001329,
            39.408009
          ],
          [
            29.98356,
            39.414549
          ],
          [
            30.019349,
            39.41974
          ],
          [
            30.05955,
            39.429319
          ],
          [
            30.093562,
            39.448193
          ],
          [
            30.128868,
            39.477117
          ],
          [
            30.16515,
            39.51014
          ],
          [
            30.208359,
            39.532539
          ],
          [
            30.2551,
            39.54392
          ],
          [
            30.30595,
            39.55896
          ],
          [
            30.340679,
            39.56991
          ],
          [
            30.35863,
            39.58277
          ],
          [
            30.378505,
            39.61722
          ],
          [
            30.399147,
            39.633691
          ],
          [
            30.448249,
            39.64977
          ],
          [
            30.471939,
            39.66565
          ],
          [
            30.486909,
            39.68662
          ],
          [
            30.504254,
            39.737175
          ],
          [
            30.524219,
            39.79979
          ],
          [
            30.526959,
            39.817919
          ],
          [
            30.53355,
            39.83134
          ],
          [
            30.5354,
            39.850689
          ],
          [
            30.5434,
            39.878199
          ],
          [
            30.547135,
            39.883842
          ]
        ],
        "type": "LineString"
      },
      "id": "a9ca7c3bbdb31e8eb6f5740cb5863f39"
    },
    {
      "type": "Feature",
      "properties": {
        "Place ID": "801",
        "Place Name": "Miletus",
        "Source Link": "http://imperium.ahlfeldt.se/places/21166",
        "third": "Acts.20.15",
        "Notes": ""
      },
      "geometry": {
        "coordinates": [
          27.277488,
          37.529236
        ],
        "type": "Point"
      },
      "id": "aa951b8c263fe17cae394c6a6f2281b3"
    },
    {
      "type": "Feature",
      "properties": {
        "route_id": 4,
        "offset": 3
      },
      "geometry": {
        "coordinates": [
          [
            35.375959,
            33.56914
          ],
          [
            33.807686,
            33.582685
          ],
          [
            32.9055,
            34.46395
          ],
          [
            32.422719,
            34.74738
          ],
          [
            32.077596,
            34.864881
          ],
          [
            31.664191,
            34.866962
          ],
          [
            31.395117,
            34.996318
          ],
          [
            30.00056,
            36.254259
          ]
        ],
        "type": "LineString"
      },
      "id": "ab732290d10fb0b0c45f1f51c5270c6e"
    },
    {
      "type": "Feature",
      "properties": {
        "Notes": "Not mentioned by name in the third journey; mapped as a likely stop within the region.",
        "Place Name": "Antioch",
        "first": "Acts.13.14, Acts.14.21",
        "Place ID": "69",
        "third": "Acts.18.23",
        "anchor": "bottom-left",
        "Source Link": "http://imperium.ahlfeldt.se/places/21442"
      },
      "geometry": {
        "coordinates": [
          31.189167,
          38.306111
        ],
        "type": "Point"
      },
      "id": "acb7aca8d26eee1e49da15cbd6e6b97f"
    },
    {
      "type": "Feature",
      "properties": {
        "route_id": 2
      },
      "geometry": {
        "coordinates": [
          [
            35.222939,
            31.774519
          ],
          [
            35.222223,
            31.777954
          ],
          [
            35.219368,
            31.784379
          ],
          [
            35.224079,
            31.792707
          ],
          [
            35.215275,
            31.793897
          ],
          [
            35.208137,
            31.796276
          ],
          [
            35.20195,
            31.798894
          ],
          [
            35.196239,
            31.800797
          ],
          [
            35.188863,
            31.802701
          ],
          [
            35.181963,
            31.803177
          ],
          [
            35.175538,
            31.801749
          ],
          [
            35.161023,
            31.802225
          ],
          [
            35.156264,
            31.803177
          ],
          [
            35.152219,
            31.799607
          ],
          [
            35.150792,
            31.801273
          ],
          [
            35.150792,
            31.80389
          ],
          [
            35.146271,
            31.803653
          ],
          [
            35.14056,
            31.80508
          ],
          [
            35.133422,
            31.808649
          ],
          [
            35.12438,
            31.811743
          ],
          [
            35.112006,
            31.813646
          ],
          [
            35.105582,
            31.813646
          ],
          [
            35.089164,
            31.813408
          ],
          [
            35.07917,
            31.816978
          ],
          [
            35.067035,
            31.82483
          ],
          [
            35.056803,
            31.826257
          ],
          [
            35.047047,
            31.83054
          ],
          [
            35.043954,
            31.833634
          ],
          [
            35.03515,
            31.84339
          ],
          [
            35.028963,
            31.848624
          ],
          [
            35.017542,
            31.852194
          ],
          [
            35.00969,
            31.852432
          ],
          [
            35.004455,
            31.851242
          ],
          [
            34.994699,
            31.848624
          ],
          [
            34.989797,
            31.849338
          ],
          [
            34.95244,
            31.877416
          ],
          [
            34.934832,
            31.890265
          ],
          [
            34.92579,
            31.897879
          ],
          [
            34.909134,
            31.914297
          ],
          [
            34.906992,
            31.916915
          ],
          [
            34.899616,
            31.93143
          ],
          [
            34.89795,
            31.936426
          ],
          [
            34.894143,
            31.939758
          ],
          [
            34.895095,
            31.948562
          ],
          [
            34.894714,
            31.965503
          ],
          [
            34.901614,
            31.987157
          ],
          [
            34.908515,
            31.999292
          ],
          [
            34.916367,
            32.017376
          ],
          [
            34.920174,
            32.031653
          ],
          [
            34.922316,
            32.042122
          ],
          [
            34.923268,
            32.055447
          ],
          [
            34.923268,
            32.069485
          ],
          [
            34.922078,
            32.09685
          ]
        ],
        "type": "LineString"
      },
      "id": "ad65f6290e94fccca424a825e31e2c08"
    },
    {
      "type": "Feature",
      "properties": {
        "route_id": 3
      },
      "geometry": {
        "coordinates": [
          [
            26.155929,
            39.750958
          ],
          [
            26.163909,
            39.738369
          ],
          [
            26.16566,
            39.727419
          ],
          [
            26.168449,
            39.71526
          ],
          [
            26.171759,
            39.69988
          ],
          [
            26.174849,
            39.6858
          ],
          [
            26.170969,
            39.673
          ],
          [
            26.16647,
            39.658849
          ],
          [
            26.16113,
            39.644609
          ],
          [
            26.1584,
            39.62997
          ],
          [
            26.151519,
            39.62016
          ],
          [
            26.142449,
            39.608179
          ],
          [
            26.13193,
            39.59998
          ],
          [
            26.12454,
            39.59339
          ],
          [
            26.114449,
            39.58784
          ],
          [
            26.109759,
            39.5802
          ],
          [
            26.107159,
            39.570149
          ],
          [
            26.105799,
            39.56283
          ],
          [
            26.105999,
            39.55631
          ],
          [
            26.10765,
            39.54601
          ],
          [
            26.10942,
            39.5403
          ],
          [
            26.11367,
            39.53483
          ],
          [
            26.118549,
            39.53072
          ],
          [
            26.12644,
            39.52887
          ],
          [
            26.13558,
            39.52974
          ],
          [
            26.14628,
            39.53142
          ],
          [
            26.15875,
            39.53262
          ],
          [
            26.16737,
            39.53148
          ],
          [
            26.17474,
            39.527609
          ],
          [
            26.18678,
            39.526149
          ],
          [
            26.201849,
            39.52693
          ],
          [
            26.2193,
            39.52859
          ],
          [
            26.2353,
            39.528809
          ],
          [
            26.24921,
            39.52621
          ],
          [
            26.263339,
            39.527539
          ],
          [
            26.27611,
            39.52679
          ],
          [
            26.28367,
            39.521619
          ],
          [
            26.287909,
            39.516139
          ],
          [
            26.28965,
            39.51043
          ],
          [
            26.292949,
            39.50552
          ],
          [
            26.315889,
            39.504409
          ],
          [
            26.332179,
            39.50267
          ],
          [
            26.337061,
            39.490601
          ]
        ],
        "type": "LineString"
      },
      "id": "b542ac91b9ae6bc591349c600bdbf11e"
    },
    {
      "type": "Feature",
      "properties": {
        "route_id": 3,
        "offset": 3
      },
      "geometry": {
        "coordinates": [
          [
            24.291989,
            41.017806
          ],
          [
            24.31858,
            41.002815
          ],
          [
            24.35596,
            40.970834
          ],
          [
            24.362096,
            40.962076
          ],
          [
            24.388179,
            40.944994
          ],
          [
            24.415015,
            40.93504
          ],
          [
            24.418379,
            40.93153
          ],
          [
            25.486364,
            40.508282
          ],
          [
            25.537028,
            40.506282
          ],
          [
            25.486874,
            40.507505
          ],
          [
            25.41576,
            40.47607
          ],
          [
            25.416076,
            40.354114
          ],
          [
            26.055237,
            39.749416
          ],
          [
            26.155704,
            39.751313
          ]
        ],
        "type": "LineString"
      },
      "id": "b5f980024aac43092dbe628d0db73c29"
    },
    {
      "type": "Feature",
      "properties": {
        "route_id": 4
      },
      "geometry": {
        "coordinates": [
          [
            12.99372,
            41.46801
          ],
          [
            12.881756,
            41.553724
          ],
          [
            12.825103,
            41.597805
          ],
          [
            12.793906,
            41.622014
          ],
          [
            12.764474,
            41.645169
          ],
          [
            12.722892,
            41.676814
          ],
          [
            12.718731,
            41.680502
          ],
          [
            12.713639,
            41.684506
          ],
          [
            12.710783,
            41.68522
          ],
          [
            12.70995,
            41.687005
          ],
          [
            12.67113,
            41.717664
          ],
          [
            12.668845,
            41.717664
          ],
          [
            12.667418,
            41.719949
          ],
          [
            12.664315,
            41.719807
          ],
          [
            12.662992,
            41.72366
          ],
          [
            12.625116,
            41.757848
          ],
          [
            12.618111,
            41.764234
          ],
          [
            12.588418,
            41.791267
          ],
          [
            12.568573,
            41.809255
          ],
          [
            12.56348,
            41.813749
          ],
          [
            12.552345,
            41.823722
          ],
          [
            12.529059,
            41.844574
          ],
          [
            12.521144,
            41.851661
          ],
          [
            12.514454,
            41.85765
          ],
          [
            12.50774,
            41.86366
          ],
          [
            12.504879,
            41.865866
          ],
          [
            12.503481,
            41.86649
          ],
          [
            12.502737,
            41.86762
          ],
          [
            12.501934,
            41.870714
          ],
          [
            12.502083,
            41.871338
          ],
          [
            12.501875,
            41.872588
          ],
          [
            12.501012,
            41.874997
          ],
          [
            12.500375,
            41.875785
          ],
          [
            12.497948,
            41.87812
          ],
          [
            12.49598,
            41.879623
          ],
          [
            12.489026,
            41.884366
          ],
          [
            12.490453,
            41.889541
          ]
        ],
        "type": "LineString"
      },
      "id": "b5fb4d477d6e6c2e704eea04b4494cdb"
    },
    {
      "type": "Feature",
      "properties": {
        "route_id": 3
      },
      "geometry": {
        "coordinates": [
          [
            28.227611,
            36.443113
          ],
          [
            28.249961,
            36.445794
          ],
          [
            28.24245,
            36.407891
          ],
          [
            29.026539,
            36.385697
          ],
          [
            29.314279,
            36.26018
          ]
        ],
        "type": "LineString"
      },
      "id": "ba324c20c4f21f4dff84ad57278c9f6e"
    },
    {
      "type": "Feature",
      "properties": {
        "route_id": 2
      },
      "geometry": {
        "coordinates": [
          [
            34.89602,
            32.507499
          ],
          [
            34.901429,
            32.51734
          ],
          [
            34.90619,
            32.531619
          ],
          [
            34.909519,
            32.54685
          ],
          [
            34.913329,
            32.559699
          ],
          [
            34.917139,
            32.56874
          ],
          [
            34.919519,
            32.580159
          ],
          [
            34.92142,
            32.600619
          ],
          [
            34.923319,
            32.62061
          ],
          [
            34.92761,
            32.63917
          ],
          [
            34.930459,
            32.64869
          ],
          [
            34.93522,
            32.65773
          ],
          [
            34.93712,
            32.66725
          ],
          [
            34.93855,
            32.68152
          ],
          [
            34.94426,
            32.698659
          ],
          [
            34.95045,
            32.73054
          ],
          [
            34.95901,
            32.76719
          ],
          [
            34.96282,
            32.78194
          ],
          [
            34.96282,
            32.796689
          ],
          [
            34.963299,
            32.80478
          ],
          [
            34.96377,
            32.815249
          ],
          [
            34.960919,
            32.824769
          ],
          [
            34.963299,
            32.82858
          ],
          [
            34.97282,
            32.833329
          ],
          [
            34.980429,
            32.83667
          ],
          [
            34.98614,
            32.83429
          ],
          [
            34.99185,
            32.82667
          ],
          [
            35.00851,
            32.813819
          ],
          [
            35.03087,
            32.80859
          ],
          [
            35.04515,
            32.815249
          ],
          [
            35.059429,
            32.837139
          ],
          [
            35.07085,
            32.85332
          ],
          [
            35.080369,
            32.874739
          ],
          [
            35.0856,
            32.898059
          ],
          [
            35.086699,
            32.913759
          ],
          [
            35.08465,
            32.92375
          ],
          [
            35.07846,
            32.92804
          ],
          [
            35.083029,
            32.94707
          ],
          [
            35.083029,
            32.96325
          ],
          [
            35.091119,
            32.99561
          ],
          [
            35.096359,
            33.01703
          ],
          [
            35.10302,
            33.037019
          ],
          [
            35.107299,
            33.052719
          ],
          [
            35.11254,
            33.07033
          ],
          [
            35.113009,
            33.083179
          ],
          [
            35.113009,
            33.09317
          ],
          [
            35.110629,
            33.09841
          ],
          [
            35.116819,
            33.102689
          ],
          [
            35.11492,
            33.10412
          ],
          [
            35.11159,
            33.108879
          ],
          [
            35.118249,
            33.10935
          ],
          [
            35.117299,
            33.116009
          ],
          [
            35.12348,
            33.116009
          ],
          [
            35.12634,
            33.120769
          ],
          [
            35.14823,
            33.129339
          ],
          [
            35.161079,
            33.13981
          ],
          [
            35.16869,
            33.155039
          ],
          [
            35.180109,
            33.166929
          ],
          [
            35.194869,
            33.1774
          ],
          [
            35.20391,
            33.18454
          ],
          [
            35.21533,
            33.205009
          ],
          [
            35.21961,
            33.235459
          ],
          [
            35.22056,
            33.270679
          ],
          [
            35.22239,
            33.27855
          ],
          [
            35.22961,
            33.29733
          ],
          [
            35.244839,
            33.325409
          ],
          [
            35.255779,
            33.346349
          ],
          [
            35.26482,
            33.371569
          ],
          [
            35.26482,
            33.384889
          ],
          [
            35.26863,
            33.39774
          ],
          [
            35.273859,
            33.413449
          ],
          [
            35.28053,
            33.43201
          ],
          [
            35.28481,
            33.448659
          ],
          [
            35.29433,
            33.46342
          ],
          [
            35.304799,
            33.469129
          ],
          [
            35.31479,
            33.47341
          ],
          [
            35.32954,
            33.481019
          ],
          [
            35.34049,
            33.494819
          ],
          [
            35.348099,
            33.502909
          ],
          [
            35.356669,
            33.51005
          ],
          [
            35.36476,
            33.5229
          ],
          [
            35.37428,
            33.54003
          ],
          [
            35.38094,
            33.55479
          ],
          [
            35.386179,
            33.56335
          ],
          [
            35.39141,
            33.57906
          ],
          [
            35.395689,
            33.59286
          ],
          [
            35.39998,
            33.606659
          ],
          [
            35.40759,
            33.61427
          ],
          [
            35.41235,
            33.622359
          ],
          [
            35.40949,
            33.63807
          ],
          [
            35.4133,
            33.64854
          ],
          [
            35.422339,
            33.656629
          ],
          [
            35.431389,
            33.662809
          ],
          [
            35.43281,
            33.67043
          ],
          [
            35.431389,
            33.68375
          ],
          [
            35.43757,
            33.6928
          ],
          [
            35.44661,
            33.69851
          ],
          [
            35.45423,
            33.701359
          ],
          [
            35.460409,
            33.70993
          ],
          [
            35.460409,
            33.723249
          ],
          [
            35.46184,
            33.73515
          ],
          [
            35.4685,
            33.74895
          ],
          [
            35.47326,
            33.75847
          ],
          [
            35.47707,
            33.77179
          ],
          [
            35.48373,
            33.785589
          ],
          [
            35.49611,
            33.81082
          ],
          [
            35.49753,
            33.826049
          ],
          [
            35.49611,
            33.843179
          ],
          [
            35.49515,
            33.855069
          ],
          [
            35.499439,
            33.868399
          ],
          [
            35.50705,
            33.880769
          ],
          [
            35.513709,
            33.89457
          ],
          [
            35.52014,
            33.90171
          ],
          [
            35.53204,
            33.90314
          ],
          [
            35.549639,
            33.898859
          ],
          [
            35.558209,
            33.8979
          ],
          [
            35.57867,
            33.90314
          ],
          [
            35.596279,
            33.92265
          ],
          [
            35.601989,
            33.94978
          ],
          [
            35.604369,
            33.957389
          ],
          [
            35.61008,
            33.96548
          ],
          [
            35.61865,
            33.976899
          ],
          [
            35.62341,
            33.98119
          ],
          [
            35.63673,
            33.982609
          ],
          [
            35.64768,
            33.99594
          ],
          [
            35.65415,
            34.00803
          ],
          [
            35.65946,
            34.01777
          ],
          [
            35.65672,
            34.02021
          ],
          [
            35.65149,
            34.02259
          ],
          [
            35.648629,
            34.024489
          ],
          [
            35.64722,
            34.0277
          ],
          [
            35.645769,
            34.0283
          ],
          [
            35.641019,
            34.032579
          ],
          [
            35.638639,
            34.040199
          ],
          [
            35.64435,
            34.05067
          ],
          [
            35.651959,
            34.057329
          ],
          [
            35.65529,
            34.06732
          ],
          [
            35.660529,
            34.07589
          ],
          [
            35.6591,
            34.08493
          ],
          [
            35.656489,
            34.0907
          ],
          [
            35.65694,
            34.09264
          ],
          [
            35.653399,
            34.11053
          ],
          [
            35.655409,
            34.123719
          ],
          [
            35.64996,
            34.137749
          ],
          [
            35.6407,
            34.144809
          ],
          [
            35.638919,
            34.15336
          ],
          [
            35.64182,
            34.162669
          ],
          [
            35.64573,
            34.178169
          ],
          [
            35.64587,
            34.19138
          ],
          [
            35.65068,
            34.203779
          ],
          [
            35.655479,
            34.21462
          ],
          [
            35.656479,
            34.22083
          ],
          [
            35.66128,
            34.231669
          ],
          [
            35.663249,
            34.24098
          ],
          [
            35.66524,
            34.25185
          ],
          [
            35.669079,
            34.26037
          ],
          [
            35.6776,
            34.26885
          ],
          [
            35.68993,
            34.28197
          ],
          [
            35.705009,
            34.290399
          ],
          [
            35.717269,
            34.29729
          ],
          [
            35.72487,
            34.30656
          ],
          [
            35.73344,
            34.31737
          ],
          [
            35.74012,
            34.32742
          ],
          [
            35.7412,
            34.33907
          ],
          [
            35.739439,
            34.34842
          ],
          [
            35.746119,
            34.35769
          ],
          [
            35.75467,
            34.366169
          ],
          [
            35.775429,
            34.376099
          ],
          [
            35.78585,
            34.38378
          ],
          [
            35.797179,
            34.389119
          ],
          [
            35.802859,
            34.392959
          ],
          [
            35.816109,
            34.40139
          ],
          [
            35.82277,
            34.40833
          ],
          [
            35.829449,
            34.41604
          ],
          [
            35.83345,
            34.42632
          ],
          [
            35.83451,
            34.43201
          ],
          [
            35.83366,
            34.44179
          ],
          [
            35.84358,
            34.447399
          ],
          [
            35.85741,
            34.452149
          ],
          [
            35.872219,
            34.45607
          ],
          [
            35.88902,
            34.46161
          ],
          [
            35.903819,
            34.46471
          ],
          [
            35.92164,
            34.472669
          ],
          [
            35.933639,
            34.484759
          ],
          [
            35.9387,
            34.493669
          ],
          [
            35.946739,
            34.50418
          ],
          [
            35.956669,
            34.50977
          ],
          [
            35.963579,
            34.511319
          ],
          [
            35.98335,
            34.515989
          ],
          [
            36.007069,
            34.521419
          ],
          [
            36.030839,
            34.530109
          ],
          [
            36.041869,
            34.54139
          ],
          [
            36.043139,
            34.55767
          ],
          [
            36.039489,
            34.57401
          ],
          [
            36.037829,
            34.591969
          ],
          [
            36.0362,
            34.611549
          ],
          [
            36.0365,
            34.62867
          ],
          [
            36.035799,
            34.644979
          ],
          [
            36.031129,
            34.660529
          ],
          [
            36.02438,
            34.669579
          ],
          [
            36.014639,
            34.67703
          ],
          [
            36.004919,
            34.68611
          ],
          [
            35.99124,
            34.694429
          ],
          [
            35.98444,
            34.70103
          ],
          [
            35.97375,
            34.71175
          ],
          [
            35.95808,
            34.720079
          ],
          [
            35.95046,
            34.73729
          ],
          [
            35.945729,
            34.7504
          ],
          [
            35.94597,
            34.76589
          ],
          [
            35.9413,
            34.783079
          ],
          [
            35.929799,
            34.796809
          ],
          [
            35.92603,
            34.80909
          ],
          [
            35.91733,
            34.822229
          ],
          [
            35.9125,
            34.82963
          ],
          [
            35.90874,
            34.84272
          ],
          [
            35.902,
            34.85503
          ],
          [
            35.89428,
            34.868169
          ],
          [
            35.88664,
            34.88702
          ],
          [
            35.88182,
            34.896049
          ],
          [
            35.883069,
            34.913179
          ],
          [
            35.88428,
            34.927859
          ],
          [
            35.886469,
            34.941709
          ],
          [
            35.888549,
            34.94822
          ],
          [
            35.89484,
            34.97102
          ],
          [
            35.902249,
            35.00116
          ],
          [
            35.90651,
            35.02071
          ],
          [
            35.90874,
            35.03621
          ],
          [
            35.90492,
            35.04605
          ],
          [
            35.900149,
            35.05916
          ],
          [
            35.901309,
            35.06977
          ],
          [
            35.90549,
            35.083619
          ],
          [
            35.909719,
            35.09991
          ],
          [
            35.91489,
            35.112929
          ],
          [
            35.92207,
            35.12674
          ],
          [
            35.92921,
            35.13811
          ],
          [
            35.93431,
            35.14622
          ],
          [
            35.94246,
            35.15839
          ],
          [
            35.9537,
            35.17625
          ],
          [
            35.96182,
            35.18597
          ],
          [
            35.969989,
            35.198959
          ],
          [
            35.967169,
            35.2088
          ],
          [
            35.964389,
            35.22191
          ],
          [
            35.95859,
            35.232599
          ],
          [
            35.95684,
            35.24733
          ],
          [
            35.93988,
            35.275369
          ],
          [
            35.932619,
            35.28642
          ],
          [
            35.9358,
            35.2998
          ],
          [
            35.93459,
            35.31688
          ],
          [
            35.93339,
            35.335189
          ],
          [
            35.938179,
            35.355869
          ],
          [
            35.93579,
            35.37622
          ],
          [
            35.93159,
            35.39334
          ],
          [
            35.926079,
            35.421449
          ],
          [
            35.91446,
            35.44109
          ],
          [
            35.895479,
            35.466909
          ],
          [
            35.87936,
            35.4866
          ],
          [
            35.84388,
            35.50891
          ],
          [
            35.80817,
            35.51657
          ],
          [
            35.773839,
            35.516879
          ],
          [
            35.786009,
            35.533849
          ],
          [
            35.813389,
            35.570219
          ],
          [
            35.84229,
            35.60657
          ],
          [
            35.854569,
            35.62843
          ],
          [
            35.874229,
            35.64289
          ],
          [
            35.883529,
            35.664779
          ],
          [
            35.90491,
            35.69265
          ],
          [
            35.92184,
            35.721789
          ],
          [
            35.93575,
            35.748519
          ],
          [
            35.95722,
            35.778829
          ],
          [
            35.987859,
            35.8176
          ],
          [
            36.015439,
            35.85028
          ],
          [
            36.02944,
            35.87823
          ],
          [
            36.06617,
            35.915689
          ],
          [
            36.0952,
            35.94101
          ],
          [
            36.13037,
            35.97114
          ],
          [
            36.14581,
            35.991729
          ],
          [
            36.1501,
            36.004549
          ],
          [
            36.1551,
            36.01977
          ],
          [
            36.16009,
            36.03403
          ],
          [
            36.167579,
            36.055899
          ],
          [
            36.168009,
            36.076919
          ],
          [
            36.16818,
            36.08551
          ],
          [
            36.171029,
            36.110319
          ],
          [
            36.16682,
            36.13522
          ],
          [
            36.165999,
            36.15339
          ],
          [
            36.15686,
            36.168233
          ],
          [
            36.163679,
            36.183979
          ],
          [
            36.165417,
            36.193776
          ],
          [
            36.165318,
            36.200663
          ]
        ],
        "type": "LineString"
      },
      "id": "bb113383c0ab9e1148bb8c1dea1fe70d"
    },
    {
      "type": "Feature",
      "properties": {
        "route_id": 1,
        "offset": 2
      },
      "geometry": {
        "coordinates": [
          [
            30.857009,
            36.96678
          ],
          [
            30.834129,
            36.969359
          ],
          [
            30.8006,
            36.97781
          ],
          [
            30.75322,
            36.98924
          ],
          [
            30.720869,
            36.99206
          ],
          [
            30.709259,
            37.01748
          ],
          [
            30.6977,
            37.04204
          ],
          [
            30.674789,
            37.07385
          ],
          [
            30.66164,
            37.09053
          ],
          [
            30.650639,
            37.10733
          ],
          [
            30.63211,
            37.137609
          ],
          [
            30.62325,
            37.15451
          ],
          [
            30.601989,
            37.177729
          ],
          [
            30.593265,
            37.182389
          ],
          [
            30.580097,
            37.209442
          ],
          [
            30.548619,
            37.22363
          ],
          [
            30.53276,
            37.232379
          ],
          [
            30.51022,
            37.25726
          ],
          [
            30.48327,
            37.282779
          ],
          [
            30.462788,
            37.299804
          ],
          [
            30.44899,
            37.304469
          ],
          [
            30.40471,
            37.31522
          ],
          [
            30.38065,
            37.31745
          ],
          [
            30.34957,
            37.321258
          ],
          [
            30.31652,
            37.33148
          ],
          [
            30.29844,
            37.34008
          ],
          [
            30.28166,
            37.35915
          ],
          [
            30.275999,
            37.388349
          ],
          [
            30.26917,
            37.41835
          ],
          [
            30.22961,
            37.436219
          ],
          [
            30.20736,
            37.44198
          ],
          [
            30.153819,
            37.45734
          ],
          [
            30.12801,
            37.46636
          ],
          [
            30.106509,
            37.48863
          ],
          [
            30.103769,
            37.520599
          ],
          [
            30.09454,
            37.539199
          ],
          [
            30.087139,
            37.549209
          ],
          [
            30.08319,
            37.56984
          ],
          [
            30.07567,
            37.59374
          ],
          [
            30.06313,
            37.62519
          ],
          [
            30.05118,
            37.649719
          ],
          [
            30.04555,
            37.664179
          ],
          [
            30.050279,
            37.685289
          ],
          [
            30.06322,
            37.699899
          ],
          [
            30.08869,
            37.7343
          ],
          [
            30.097449,
            37.74694
          ],
          [
            30.14737,
            37.77744
          ],
          [
            30.16611,
            37.78887
          ],
          [
            30.200769,
            37.80636
          ],
          [
            30.22105,
            37.81265
          ],
          [
            30.250659,
            37.83854
          ],
          [
            30.26603,
            37.86455
          ],
          [
            30.280609,
            37.887039
          ],
          [
            30.30263,
            37.912519
          ],
          [
            30.314099,
            37.93311
          ],
          [
            30.34296,
            37.96938
          ],
          [
            30.363349,
            37.98868
          ],
          [
            30.393599,
            38.00848
          ],
          [
            30.411229,
            38.021549
          ],
          [
            30.43201,
            38.036509
          ],
          [
            30.44541,
            38.04762
          ],
          [
            30.45649,
            38.060349
          ],
          [
            30.47716,
            38.07704
          ],
          [
            30.50935,
            38.08733
          ],
          [
            30.537249,
            38.10546
          ],
          [
            30.56639,
            38.117179
          ],
          [
            30.59411,
            38.13436
          ],
          [
            30.62715,
            38.14783
          ],
          [
            30.663839,
            38.166219
          ],
          [
            30.71535,
            38.201119
          ],
          [
            30.735039,
            38.21946
          ],
          [
            30.74969,
            38.238359
          ],
          [
            30.77635,
            38.25782
          ],
          [
            30.79825,
            38.27388
          ],
          [
            30.82694,
            38.27995
          ],
          [
            30.86347,
            38.28874
          ],
          [
            30.89111,
            38.295539
          ],
          [
            30.91509,
            38.297409
          ],
          [
            30.935009,
            38.29988
          ],
          [
            30.97903,
            38.31688
          ],
          [
            31.005579,
            38.325179
          ],
          [
            31.02229,
            38.330659
          ],
          [
            31.06149,
            38.33078
          ],
          [
            31.086939,
            38.32633
          ],
          [
            31.123719,
            38.31761
          ],
          [
            31.17807,
            38.30169
          ]
        ],
        "type": "LineString"
      },
      "id": "bc5328a3b8fa37839ed5724b6ec7be70"
    },
    {
      "type": "Feature",
      "properties": {
        "route_id": 2
      },
      "geometry": {
        "coordinates": [
          [
            24.291989,
            41.017806
          ],
          [
            24.286278,
            41.024587
          ],
          [
            24.281282,
            41.036009
          ],
          [
            24.26986,
            41.044575
          ],
          [
            24.250587,
            41.054926
          ],
          [
            24.232741,
            41.059922
          ],
          [
            24.210969,
            41.062064
          ],
          [
            24.181373,
            41.059761
          ],
          [
            24.159394,
            41.057067
          ],
          [
            24.142262,
            41.054212
          ],
          [
            24.095773,
            41.037189
          ],
          [
            24.042183,
            41.018325
          ],
          [
            24.016029,
            41.008749
          ],
          [
            23.968442,
            40.992108
          ],
          [
            23.907059,
            40.982169
          ],
          [
            23.887642,
            40.972459
          ],
          [
            23.86899,
            40.96313
          ],
          [
            23.84638,
            40.94648
          ],
          [
            23.851471,
            40.908319
          ],
          [
            23.85971,
            40.86677
          ],
          [
            23.857089,
            40.84273
          ],
          [
            23.84495,
            40.827269
          ],
          [
            23.840418,
            40.818876
          ]
        ],
        "type": "LineString"
      },
      "id": "be0d5986174e9d8acaa92719ba607ec7"
    },
    {
      "type": "Feature",
      "properties": {
        "Notes": "",
        "Place Name": "Paphos",
        "first": "Acts.13.6",
        "Place ID": "919",
        "anchor": "top-right",
        "Source Link": "http://imperium.ahlfeldt.se/places/22716"
      },
      "geometry": {
        "coordinates": [
          32.40795,
          34.76025
        ],
        "type": "Point"
      },
      "id": "c1ab1669db4511e703b5fe4cd9b4d0c4"
    },
    {
      "type": "Feature",
      "properties": {
        "route_id": 1
      },
      "geometry": {
        "coordinates": [
          [
            31.189167,
            38.306111
          ],
          [
            31.182179,
            38.300279
          ],
          [
            31.171435,
            38.276258
          ],
          [
            31.143999,
            38.249772
          ],
          [
            31.125835,
            38.229873
          ],
          [
            31.104775,
            38.193531
          ],
          [
            31.098076,
            38.169451
          ],
          [
            31.072774,
            38.151365
          ],
          [
            31.020904,
            38.123072
          ],
          [
            31.000421,
            38.082219
          ],
          [
            30.96085,
            38.054001
          ],
          [
            30.969969,
            38.042869
          ],
          [
            31.007088,
            37.985195
          ],
          [
            31.01574,
            37.952954
          ],
          [
            31.043593,
            37.838063
          ],
          [
            31.026198,
            37.720999
          ],
          [
            30.998659,
            37.62752
          ],
          [
            30.99898,
            37.59579
          ],
          [
            30.99615,
            37.58206
          ],
          [
            30.986109,
            37.562719
          ],
          [
            30.971474,
            37.545687
          ],
          [
            30.93354,
            37.514269
          ],
          [
            30.92616,
            37.49807
          ],
          [
            30.919681,
            37.490977
          ],
          [
            30.91789,
            37.481069
          ],
          [
            30.922689,
            37.46694
          ],
          [
            30.908737,
            37.455071
          ],
          [
            30.90826,
            37.450471
          ],
          [
            30.893962,
            37.406113
          ],
          [
            30.89652,
            37.317749
          ],
          [
            30.923716,
            37.229378
          ],
          [
            30.926319,
            37.147716
          ],
          [
            30.895362,
            37.099795
          ],
          [
            30.873072,
            37.006501
          ],
          [
            30.857009,
            36.96678
          ],
          [
            30.853866,
            36.961562
          ]
        ],
        "type": "LineString"
      },
      "id": "c27bce3896ee8f5711dd1e9206662c1c"
    },
    {
      "type": "Feature",
      "properties": {
        "route_id": 3,
        "offset": 3
      },
      "geometry": {
        "coordinates": [
          [
            23.672817,
            37.893707
          ],
          [
            23.445572,
            37.846626
          ],
          [
            22.992532,
            37.88239
          ],
          [
            22.878721,
            37.906045
          ]
        ],
        "type": "LineString"
      },
      "id": "c9ad23792bf492995c69470c3c4f033f"
    },
    {
      "type": "Feature",
      "properties": {
        "Place ID": "1093",
        "Place Name": "Sidon",
        "Source Link": "http://imperium.ahlfeldt.se/places/21115",
        "rome": "Acts.27.1-5",
        "Notes": ""
      },
      "geometry": {
        "coordinates": [
          35.371208,
          33.560243
        ],
        "type": "Point"
      },
      "id": "c9ca21110990d5da2cd3c0ec384bb4e4"
    },
    {
      "type": "Feature",
      "properties": {
        "route_id": 4
      },
      "geometry": {
        "coordinates": [
          [
            24.730609,
            34.92931
          ],
          [
            23.875291,
            35.071324
          ],
          [
            14.433812,
            35.719439
          ],
          [
            14.383033,
            35.841091
          ],
          [
            14.400124,
            35.885167
          ]
        ],
        "type": "LineString"
      },
      "id": "ca0e6f7a02a440a19e8619e682f6d1ea"
    },
    {
      "type": "Feature",
      "properties": {
        "route_id": 3,
        "offset": 3
      },
      "geometry": {
        "coordinates": [
          [
            36.165318,
            36.200663
          ],
          [
            36.168879,
            36.207809
          ],
          [
            36.16321,
            36.219349
          ],
          [
            36.163609,
            36.239419
          ],
          [
            36.167559,
            36.259449
          ],
          [
            36.18021,
            36.301359
          ],
          [
            36.188969,
            36.32515
          ],
          [
            36.212279,
            36.36597
          ],
          [
            36.2417,
            36.41436
          ],
          [
            36.244489,
            36.434409
          ],
          [
            36.23766,
            36.446949
          ],
          [
            36.234409,
            36.461349
          ],
          [
            36.233529,
            36.47571
          ],
          [
            36.182059,
            36.508959
          ],
          [
            36.168149,
            36.52445
          ],
          [
            36.162599,
            36.543669
          ],
          [
            36.18689,
            36.57112
          ],
          [
            36.199039,
            36.58436
          ],
          [
            36.217829,
            36.63103
          ],
          [
            36.22415,
            36.649139
          ],
          [
            36.2222,
            36.66928
          ],
          [
            36.208549,
            36.69916
          ],
          [
            36.20994,
            36.70872
          ],
          [
            36.21044,
            36.732659
          ],
          [
            36.21542,
            36.74314
          ],
          [
            36.21724,
            36.77282
          ],
          [
            36.210559,
            36.794949
          ],
          [
            36.20017,
            36.81138
          ],
          [
            36.18166,
            36.83846
          ],
          [
            36.16062,
            36.85983
          ],
          [
            36.140709,
            36.8783
          ],
          [
            36.107739,
            36.901719
          ],
          [
            36.065109,
            36.920449
          ],
          [
            36.044471,
            36.929334
          ],
          [
            36.030749,
            36.93524
          ],
          [
            36.009319,
            36.939319
          ],
          [
            35.999599,
            36.92984
          ],
          [
            35.990347,
            36.927127
          ],
          [
            35.974389,
            36.92245
          ],
          [
            35.962499,
            36.92545
          ],
          [
            35.944639,
            36.92852
          ],
          [
            35.923249,
            36.93545
          ],
          [
            35.87929,
            36.950279
          ],
          [
            35.85426,
            36.954359
          ],
          [
            35.835199,
            36.95837
          ],
          [
            35.80783,
            36.96629
          ],
          [
            35.751829,
            36.97925
          ],
          [
            35.716827,
            36.989533
          ],
          [
            35.698089,
            36.983519
          ],
          [
            35.664339,
            36.958839
          ],
          [
            35.64154,
            36.95038
          ],
          [
            35.61892,
            36.957249
          ],
          [
            35.576273,
            36.974714
          ],
          [
            35.535589,
            36.99039
          ],
          [
            35.51912,
            36.98924
          ],
          [
            35.430762,
            36.99244
          ],
          [
            35.389929,
            36.99172
          ],
          [
            35.35704,
            36.98731
          ],
          [
            35.33439,
            36.991029
          ],
          [
            35.317419,
            36.995639
          ],
          [
            35.24148,
            36.996789
          ],
          [
            35.21766,
            36.994119
          ],
          [
            35.1791,
            36.98693
          ],
          [
            35.126959,
            36.978839
          ],
          [
            35.07142,
            36.968899
          ],
          [
            35.005709,
            36.954379
          ],
          [
            34.976259,
            36.948019
          ],
          [
            34.963809,
            36.93711
          ],
          [
            34.900439,
            36.917059
          ],
          [
            34.904889,
            36.96342
          ],
          [
            34.90258,
            36.98524
          ],
          [
            34.89802,
            37.00524
          ],
          [
            34.89681,
            37.047969
          ],
          [
            34.897909,
            37.06343
          ],
          [
            34.89335,
            37.077069
          ],
          [
            34.856949,
            37.10885
          ],
          [
            34.837569,
            37.13429
          ],
          [
            34.821579,
            37.16155
          ],
          [
            34.81925,
            37.177929
          ],
          [
            34.827139,
            37.202509
          ],
          [
            34.81113,
            37.22887
          ],
          [
            34.817929,
            37.23798
          ],
          [
            34.811019,
            37.26072
          ],
          [
            34.8098,
            37.285289
          ],
          [
            34.81768,
            37.31535
          ],
          [
            34.84603,
            37.37003
          ],
          [
            34.884749,
            37.404689
          ],
          [
            34.89153,
            37.438399
          ],
          [
            34.886909,
            37.46663
          ],
          [
            34.86972,
            37.48665
          ],
          [
            34.85369,
            37.49755
          ],
          [
            34.801209,
            37.51411
          ],
          [
            34.75314,
            37.52037
          ],
          [
            34.71536,
            37.52755
          ],
          [
            34.691329,
            37.528379
          ],
          [
            34.65816,
            37.52553
          ],
          [
            34.63745,
            37.518809
          ],
          [
            34.600839,
            37.51957
          ],
          [
            34.559789,
            37.523279
          ],
          [
            34.51503,
            37.53945
          ],
          [
            34.4932,
            37.54936
          ],
          [
            34.464519,
            37.556479
          ],
          [
            34.40258,
            37.56794
          ],
          [
            34.386549,
            37.56875
          ],
          [
            34.348679,
            37.575769
          ],
          [
            34.31431,
            37.577339
          ],
          [
            34.255909,
            37.57688
          ],
          [
            34.173232,
            37.563498
          ],
          [
            34.14635,
            37.54375
          ],
          [
            34.097108,
            37.527346
          ],
          [
            34.03482,
            37.507089
          ],
          [
            33.990429,
            37.494759
          ],
          [
            33.96306,
            37.490799
          ],
          [
            33.92561,
            37.47579
          ],
          [
            33.89256,
            37.47083
          ],
          [
            33.86607,
            37.48052
          ],
          [
            33.85225,
            37.485819
          ],
          [
            33.823839,
            37.47725
          ],
          [
            33.807839,
            37.477039
          ],
          [
            33.763269,
            37.48269
          ],
          [
            33.73898,
            37.49004
          ],
          [
            33.707679,
            37.48767
          ],
          [
            33.68129,
            37.481529
          ],
          [
            33.664479,
            37.4784
          ],
          [
            33.648939,
            37.4724
          ],
          [
            33.620549,
            37.44987
          ],
          [
            33.60354,
            37.443269
          ],
          [
            33.58184,
            37.44366
          ],
          [
            33.56126,
            37.44717
          ],
          [
            33.539609,
            37.457239
          ],
          [
            33.51912,
            37.45691
          ],
          [
            33.492033,
            37.443803
          ],
          [
            33.45627,
            37.418369
          ],
          [
            33.436329,
            37.39881
          ],
          [
            33.415399,
            37.371549
          ],
          [
            33.376618,
            37.3382
          ],
          [
            33.361452,
            37.348569
          ]
        ],
        "type": "LineString"
      },
      "id": "ce45ef055559158b5e6c8117013ed202"
    },
    {
      "type": "Feature",
      "properties": {
        "Notes": "Not mentioned by name in the third journey; mapped as a likely stop within the region.",
        "Place Name": "Lystra",
        "second": "Acts.16.1",
        "first": "Acts.14.6, Acts.14.21",
        "Place ID": "742",
        "third": "Acts.18.23",
        "anchor": "right",
        "Source Link": "http://imperium.ahlfeldt.se/places/21522"
      },
      "geometry": {
        "coordinates": [
          32.33849,
          37.60196
        ],
        "type": "Point"
      },
      "id": "d5080d7a95e8bb758e22816e82481448"
    },
    {
      "type": "Feature",
      "properties": {
        "Place ID": "1184",
        "Place Name": "Tyre",
        "Source Link": "http://imperium.ahlfeldt.se/places/21116",
        "third": "Acts.21.3",
        "Notes": ""
      },
      "geometry": {
        "coordinates": [
          35.209358,
          33.268071
        ],
        "type": "Point"
      },
      "id": "d7c64aca8e1ab738fe8e87273ec7079a"
    },
    {
      "type": "Feature",
      "properties": {
        "route_id": 3
      },
      "geometry": {
        "coordinates": [
          [
            27.277488,
            37.529236
          ],
          [
            27.247447,
            37.53674
          ],
          [
            27.046315,
            37.471999
          ],
          [
            27.227124,
            37.19399
          ],
          [
            27.156737,
            36.985656
          ],
          [
            27.198745,
            36.969194
          ],
          [
            27.17,
            36.844
          ]
        ],
        "type": "LineString"
      },
      "id": "d9d6b64ae2764990de8a496c7ae19a2d"
    },
    {
      "type": "Feature",
      "properties": {
        "route_id": 3
      },
      "geometry": {
        "coordinates": [
          [
            35.22056,
            33.270679
          ],
          [
            35.097561,
            33.266925
          ],
          [
            35.016224,
            33.050503
          ],
          [
            35.078288,
            32.928675
          ]
        ],
        "type": "LineString"
      },
      "id": "da65c2ec7a2fa4b6e40bac01cde426d0"
    },
    {
      "type": "Feature",
      "properties": {
        "Place ID": "1025",
        "Place Name": "Samothrace",
        "Source Link": "Acts.27.8",
        "second": "Acts.16.11",
        "Notes": ""
      },
      "geometry": {
        "coordinates": [
          25.535874,
          40.503235
        ],
        "type": "Point"
      },
      "id": "dadec7d2f7b4450b903598806e3454bd"
    },
    {
      "type": "Feature",
      "properties": {
        "route_id": 1,
        "offset": 2
      },
      "geometry": {
        "coordinates": [
          [
            32.492175,
            37.869197
          ],
          [
            32.492175,
            37.869197
          ],
          [
            32.496862,
            37.868981
          ],
          [
            32.512864,
            37.868188
          ],
          [
            32.50437,
            37.85346
          ],
          [
            32.489779,
            37.83472
          ],
          [
            32.470019,
            37.816849
          ],
          [
            32.463459,
            37.79121
          ],
          [
            32.445549,
            37.761169
          ],
          [
            32.41661,
            37.720639
          ],
          [
            32.402879,
            37.69134
          ],
          [
            32.391928,
            37.665999
          ],
          [
            32.375158,
            37.635689
          ],
          [
            32.358289,
            37.60826
          ],
          [
            32.348169,
            37.591609
          ]
        ],
        "type": "LineString"
      },
      "id": "e1a6438447dde1ff151869e6bb2a2225"
    },
    {
      "type": "Feature",
      "properties": {
        "Notes": "Not mentioned by name in the third journey; mapped as a likely stop within the region.",
        "Place Name": "Neapolis",
        "second": "Acts.16.11",
        "Place ID": "880",
        "third": "Acts.20.1-6",
        "Source Link": "http://imperium.ahlfeldt.se/places/21896"
      },
      "geometry": {
        "coordinates": [
          24.415015,
          40.93504
        ],
        "type": "Point"
      },
      "id": "e77728173882c21c960cba32dd8e97dc"
    },
    {
      "type": "Feature",
      "properties": {
        "route_id": 4
      },
      "geometry": {
        "coordinates": [
          [
            15.64228,
            38.10536
          ],
          [
            15.595639,
            38.2133
          ],
          [
            15.63568,
            38.247014
          ],
          [
            15.691273,
            38.270824
          ],
          [
            15.670199,
            39.398016
          ],
          [
            14.06153,
            40.533985
          ],
          [
            14.121869,
            40.827957
          ]
        ],
        "type": "LineString"
      },
      "id": "ea5c976543c8fd885905bd1d293e773e"
    },
    {
      "type": "Feature",
      "properties": {
        "Notes": "Not mentioned by name in the third journey; mapped as a likely stop within the region.",
        "Place Name": "Tarsus",
        "third": "Acts.18.23",
        "Place ID": "1140",
        "anchor": "top",
        "Source Link": "http://imperium.ahlfeldt.se/places/21245"
      },
      "geometry": {
        "coordinates": [
          34.89592,
          36.91242
        ],
        "type": "Point"
      },
      "id": "eaf466a5038f68a127ecdba8fb51cd6a"
    },
    {
      "type": "Feature",
      "properties": {
        "Place ID": "110",
        "Place Name": "Assos",
        "Source Link": "http://imperium.ahlfeldt.se/places/21199",
        "third": "Acts.20.13",
        "Notes": "",
        "anchor": "left"
      },
      "geometry": {
        "coordinates": [
          26.337061,
          39.490601
        ],
        "type": "Point"
      },
      "id": "ecc3a3aa11824eabda11a8e4471bfbe7"
    },
    {
      "type": "Feature",
      "properties": {
        "route_id": 1
      },
      "geometry": {
        "coordinates": [
          [
            30.855531,
            36.961023
          ],
          [
            30.85592,
            36.96693
          ],
          [
            30.855646,
            36.966876
          ],
          [
            30.84509,
            36.95894
          ],
          [
            30.807769,
            36.94172
          ],
          [
            30.765079,
            36.92059
          ],
          [
            30.734109,
            36.910009
          ],
          [
            30.70223,
            36.89665
          ],
          [
            30.70541,
            36.8839
          ],
          [
            30.766723,
            36.762357
          ],
          [
            31.388747,
            36.758257
          ],
          [
            31.724838,
            36.590964
          ],
          [
            32.226882,
            36.245554
          ],
          [
            32.472247,
            36.075398
          ],
          [
            32.801228,
            36.012752
          ],
          [
            33.687791,
            36.112893
          ],
          [
            33.941424,
            36.198776
          ],
          [
            34.086536,
            36.308771
          ],
          [
            34.15664,
            36.459586
          ],
          [
            35.568992,
            36.45045
          ],
          [
            35.919666,
            36.122127
          ],
          [
            35.941591,
            36.123369
          ],
          [
            35.95736,
            36.112859
          ],
          [
            35.969558,
            36.102689
          ],
          [
            36.00893,
            36.09891
          ],
          [
            36.03302,
            36.098628
          ],
          [
            36.056049,
            36.10027
          ],
          [
            36.079729,
            36.10763
          ],
          [
            36.09049,
            36.116089
          ],
          [
            36.10712,
            36.12353
          ],
          [
            36.12567,
            36.132474
          ],
          [
            36.144089,
            36.14695
          ],
          [
            36.15804,
            36.16783
          ],
          [
            36.167987,
            36.198801
          ]
        ],
        "type": "LineString"
      },
      "id": "f07063758cd09e0567eac226e6cf7b60"
    },
    {
      "type": "Feature",
      "properties": {
        "Notes": "",
        "Place Name": "Iconium",
        "second": "Acts.16.2",
        "first": "Acts.14.1,Acts.14.21",
        "Place ID": "590",
        "third": "Acts.18.23",
        "anchor": "bottom-left",
        "Source Link": "http://imperium.ahlfeldt.se/places/21444"
      },
      "geometry": {
        "coordinates": [
          32.492331,
          37.872202
        ],
        "type": "Point"
      },
      "id": "f0cbb30d3f053ad5446ca32417b24821"
    },
    {
      "type": "Feature",
      "properties": {
        "Notes": "",
        "Place Name": "Attalia",
        "first": "Acts.14.25",
        "Place ID": "120",
        "anchor": "right",
        "Source Link": "http://imperium.ahlfeldt.se/places/21502"
      },
      "geometry": {
        "coordinates": [
          30.70541,
          36.8839
        ],
        "type": "Point"
      },
      "id": "f17f1d17605c2f1b80072f81f698fe2e"
    },
    {
      "type": "Feature",
      "properties": {
        "route_id": 2
      },
      "geometry": {
        "coordinates": [
          [
            23.840928,
            40.818213
          ],
          [
            23.83544,
            40.80585
          ],
          [
            23.81283,
            40.79752
          ],
          [
            23.789039,
            40.79277
          ],
          [
            23.77952,
            40.782059
          ],
          [
            23.76286,
            40.77373
          ],
          [
            23.73074,
            40.766589
          ],
          [
            23.70932,
            40.747559
          ],
          [
            23.696239,
            40.71067
          ],
          [
            23.689099,
            40.686879
          ],
          [
            23.67482,
            40.679739
          ],
          [
            23.6427,
            40.672599
          ],
          [
            23.6201,
            40.664269
          ],
          [
            23.607498,
            40.651819
          ],
          [
            23.566576,
            40.628818
          ],
          [
            23.527492,
            40.630292
          ],
          [
            23.509449,
            40.645239
          ],
          [
            23.48566,
            40.65714
          ],
          [
            23.469685,
            40.623703
          ]
        ],
        "type": "LineString"
      },
      "id": "f185d25bc293f0ad31e48113f84125c3"
    },
    {
      "type": "Feature",
      "properties": {
        "Place ID": "963",
        "Place Name": "Puteoli",
        "Source Link": "http://imperium.ahlfeldt.se/places/16721",
        "rome": "Acts.28.13",
        "Notes": ""
      },
      "geometry": {
        "coordinates": [
          14.121869,
          40.827957
        ],
        "type": "Point"
      },
      "id": "f455088ddbc2384cc9421e19c0118b59"
    },
    {
      "type": "Feature",
      "properties": {
        "route_id": 2
      },
      "geometry": {
        "coordinates": [
          [
            22.994754,
            37.882214
          ],
          [
            23.445572,
            37.846626
          ],
          [
            23.623578,
            37.767684
          ],
          [
            24.338465,
            37.272988
          ],
          [
            24.876199,
            37.301553
          ],
          [
            25.487686,
            37.393274
          ],
          [
            25.907122,
            37.921028
          ],
          [
            25.917037,
            37.941295
          ],
          [
            27.315933,
            37.957403
          ],
          [
            27.339722,
            37.941944
          ]
        ],
        "type": "LineString"
      },
      "id": "fbf27aa0cc61029a0fdf45a59aea964f"
    },
    {
      "type": "Feature",
      "properties": {
        "Place ID": "999",
        "Place Name": "Rhegium",
        "Source Link": "http://imperium.ahlfeldt.se/places/16556",
        "rome": "Acts.28.13",
        "Notes": ""
      },
      "geometry": {
        "coordinates": [
          15.64228,
          38.10536
        ],
        "type": "Point"
      },
      "id": "fda53aa1e344d91db0d5d1051dd4553e"
    },
    {
      "type": "Feature",
      "properties": {
        "route_id": 1
      },
      "geometry": {
        "coordinates": [
          [
            36.167987,
            36.198801
          ],
          [
            36.15804,
            36.16783
          ],
          [
            36.144089,
            36.14695
          ],
          [
            36.12567,
            36.132474
          ],
          [
            36.10712,
            36.12353
          ],
          [
            36.09049,
            36.116089
          ],
          [
            36.079729,
            36.10763
          ],
          [
            36.056049,
            36.10027
          ],
          [
            36.03302,
            36.098628
          ],
          [
            36.00893,
            36.09891
          ],
          [
            35.969558,
            36.102689
          ],
          [
            35.95736,
            36.112859
          ],
          [
            35.941591,
            36.123369
          ]
        ],
        "type": "LineString"
      },
      "id": "fed73f6b86748169c514277a40c696ff"
    },
    {
      "type": "Feature",
      "properties": {
        "route_id": 2
      },
      "geometry": {
        "coordinates": [
          [
            30.5434,
            39.878199
          ],
          [
            30.5354,
            39.850689
          ],
          [
            30.53355,
            39.83134
          ],
          [
            30.526959,
            39.817919
          ],
          [
            30.524219,
            39.79979
          ],
          [
            30.504254,
            39.737175
          ],
          [
            30.486909,
            39.68662
          ],
          [
            30.471939,
            39.66565
          ],
          [
            30.448249,
            39.64977
          ],
          [
            30.399147,
            39.633691
          ],
          [
            30.378505,
            39.61722
          ],
          [
            30.35863,
            39.58277
          ],
          [
            30.340679,
            39.56991
          ],
          [
            30.30595,
            39.55896
          ],
          [
            30.2551,
            39.54392
          ],
          [
            30.208359,
            39.532539
          ],
          [
            30.16515,
            39.51014
          ],
          [
            30.128868,
            39.477117
          ],
          [
            30.093562,
            39.448193
          ],
          [
            30.05955,
            39.429319
          ],
          [
            30.019349,
            39.41974
          ],
          [
            29.98356,
            39.414549
          ],
          [
            29.97329,
            39.41272
          ],
          [
            29.94791,
            39.404899
          ],
          [
            29.92759,
            39.393669
          ],
          [
            29.912249,
            39.37995
          ],
          [
            29.89658,
            39.36989
          ],
          [
            29.88033,
            39.353349
          ],
          [
            29.86139,
            39.34035
          ],
          [
            29.833119,
            39.3259
          ],
          [
            29.792429,
            39.30522
          ],
          [
            29.730639,
            39.25757
          ],
          [
            29.70799,
            39.24708
          ],
          [
            29.680239,
            39.22802
          ],
          [
            29.625009,
            39.199989
          ],
          [
            29.61036,
            39.192699
          ],
          [
            29.592269,
            39.18428
          ],
          [
            29.575709,
            39.17228
          ],
          [
            29.55952,
            39.15661
          ],
          [
            29.543069,
            39.14369
          ],
          [
            29.526169,
            39.12338
          ],
          [
            29.504059,
            39.10828
          ],
          [
            29.47988,
            39.09028
          ],
          [
            29.44877,
            39.070949
          ],
          [
            29.42228,
            39.052799
          ],
          [
            29.413459,
            39.04675
          ],
          [
            29.4112,
            39.0457
          ],
          [
            29.409589,
            39.038249
          ],
          [
            29.4133,
            39.02468
          ],
          [
            29.40926,
            39.018009
          ],
          [
            29.40207,
            39.00746
          ],
          [
            29.39731,
            38.996139
          ],
          [
            29.3948,
            38.98588
          ],
          [
            29.387619,
            38.975329
          ],
          [
            29.36794,
            38.96035
          ],
          [
            29.346879,
            38.959049
          ],
          [
            29.33719,
            38.950189
          ],
          [
            29.3194,
            38.9399
          ],
          [
            29.30168,
            38.94064
          ],
          [
            29.285219,
            38.940529
          ],
          [
            29.268009,
            38.947729
          ],
          [
            29.2543,
            38.955149
          ],
          [
            29.22707,
            38.96814
          ],
          [
            29.2149,
            38.97197
          ],
          [
            29.20039,
            38.97565
          ],
          [
            29.193499,
            38.98533
          ],
          [
            29.18272,
            38.998439
          ],
          [
            29.17418,
            39.0126
          ],
          [
            29.16718,
            39.023189
          ],
          [
            29.1555,
            39.03348
          ],
          [
            29.138049,
            39.04248
          ],
          [
            29.12197,
            39.04973
          ],
          [
            29.09836,
            39.06109
          ],
          [
            29.07378,
            39.07054
          ],
          [
            29.063239,
            39.0809
          ],
          [
            29.033949,
            39.090039
          ],
          [
            29.01129,
            39.092249
          ],
          [
            28.99127,
            39.09186
          ],
          [
            28.973589,
            39.09163
          ],
          [
            28.958819,
            39.10813
          ],
          [
            28.941999,
            39.12175
          ],
          [
            28.92879,
            39.13467
          ],
          [
            28.9094,
            39.14995
          ],
          [
            28.87965,
            39.1627
          ],
          [
            28.8644,
            39.16169
          ],
          [
            28.85736,
            39.16122
          ],
          [
            28.827719,
            39.162
          ],
          [
            28.80651,
            39.16149
          ],
          [
            28.781259,
            39.16531
          ],
          [
            28.749939,
            39.16444
          ],
          [
            28.690689,
            39.166939
          ],
          [
            28.60289,
            39.166289
          ],
          [
            28.560481,
            39.183372
          ],
          [
            28.51628,
            39.19199
          ],
          [
            28.48392,
            39.202939
          ],
          [
            28.43742,
            39.2062
          ],
          [
            28.412556,
            39.220907
          ],
          [
            28.375669,
            39.22262
          ],
          [
            28.35354,
            39.23011
          ],
          [
            28.3439,
            39.24586
          ],
          [
            28.321094,
            39.261582
          ],
          [
            28.29727,
            39.261
          ],
          [
            28.28109,
            39.255112
          ],
          [
            28.26038,
            39.256403
          ],
          [
            28.22666,
            39.255706
          ],
          [
            28.21875,
            39.27352
          ],
          [
            28.2078,
            39.28146
          ],
          [
            28.1802,
            39.28146
          ],
          [
            28.16688,
            39.27956
          ],
          [
            28.1515,
            39.27527
          ],
          [
            28.109689,
            39.28341
          ],
          [
            28.076849,
            39.280549
          ],
          [
            28.04901,
            39.27627
          ],
          [
            28.032572,
            39.273769
          ],
          [
            28.01582,
            39.303749
          ],
          [
            27.97585,
            39.33868
          ],
          [
            27.97938,
            39.353699
          ],
          [
            27.98408,
            39.36671
          ],
          [
            27.98494,
            39.388559
          ],
          [
            27.98688,
            39.409089
          ],
          [
            27.98595,
            39.427659
          ],
          [
            27.9781,
            39.446739
          ],
          [
            27.966909,
            39.46347
          ],
          [
            27.956159,
            39.47671
          ],
          [
            27.94757,
            39.494339
          ],
          [
            27.93591,
            39.507519
          ],
          [
            27.92523,
            39.52006
          ],
          [
            27.91654,
            39.538389
          ],
          [
            27.90999,
            39.55406
          ],
          [
            27.90191,
            39.56751
          ],
          [
            27.898769,
            39.57782
          ],
          [
            27.89456,
            39.589449
          ],
          [
            27.89277,
            39.60339
          ],
          [
            27.888279,
            39.617109
          ],
          [
            27.88975,
            39.637259
          ],
          [
            27.87399,
            39.65363
          ],
          [
            27.860389,
            39.66033
          ],
          [
            27.845419,
            39.663399
          ],
          [
            27.82334,
            39.665209
          ],
          [
            27.80261,
            39.6636
          ],
          [
            27.77665,
            39.660169
          ],
          [
            27.751319,
            39.6589
          ],
          [
            27.726899,
            39.65769
          ],
          [
            27.70527,
            39.655989
          ],
          [
            27.68302,
            39.65212
          ],
          [
            27.652389,
            39.6497
          ],
          [
            27.628969,
            39.647839
          ],
          [
            27.60203,
            39.64499
          ],
          [
            27.581309,
            39.64333
          ],
          [
            27.562679,
            39.63973
          ],
          [
            27.54803,
            39.63362
          ],
          [
            27.533799,
            39.63107
          ],
          [
            27.52157,
            39.62727
          ],
          [
            27.503749,
            39.62442
          ],
          [
            27.48565,
            39.623649
          ],
          [
            27.46888,
            39.62652
          ],
          [
            27.44381,
            39.63011
          ],
          [
            27.415619,
            39.62991
          ],
          [
            27.39183,
            39.63078
          ],
          [
            27.36964,
            39.63318
          ],
          [
            27.352539,
            39.63177
          ],
          [
            27.332319,
            39.62657
          ],
          [
            27.31139,
            39.619909
          ],
          [
            27.296959,
            39.61237
          ],
          [
            27.27855,
            39.607319
          ],
          [
            27.262839,
            39.602489
          ],
          [
            27.24913,
            39.59641
          ],
          [
            27.231019,
            39.58926
          ],
          [
            27.20912,
            39.583189
          ],
          [
            27.18273,
            39.57674
          ],
          [
            27.166139,
            39.571819
          ],
          [
            27.149859,
            39.57114
          ],
          [
            27.129979,
            39.570159
          ],
          [
            27.117299,
            39.56978
          ],
          [
            27.097519,
            39.56809
          ],
          [
            27.07375,
            39.56254
          ],
          [
            27.046189,
            39.558059
          ],
          [
            27.01943,
            39.55435
          ],
          [
            27.004759,
            39.54885
          ],
          [
            26.98949,
            39.54119
          ],
          [
            26.97074,
            39.53252
          ],
          [
            26.972373,
            39.539194
          ],
          [
            26.97326,
            39.5508
          ],
          [
            26.973519,
            39.56061
          ],
          [
            26.97138,
            39.56956
          ],
          [
            26.96989,
            39.579869
          ],
          [
            26.968489,
            39.58954
          ],
          [
            26.96348,
            39.59498
          ],
          [
            26.954309,
            39.60006
          ],
          [
            26.94282,
            39.603629
          ],
          [
            26.92532,
            39.6021
          ],
          [
            26.91115,
            39.60087
          ],
          [
            26.89413,
            39.59611
          ],
          [
            26.8747,
            39.59049
          ],
          [
            26.857869,
            39.58444
          ],
          [
            26.83983,
            39.580889
          ],
          [
            26.82292,
            39.575479
          ],
          [
            26.81209,
            39.57452
          ],
          [
            26.802,
            39.57428
          ],
          [
            26.77117,
            39.57742
          ],
          [
            26.750159,
            39.576849
          ],
          [
            26.73463,
            39.57351
          ],
          [
            26.711409,
            39.57078
          ],
          [
            26.69569,
            39.568709
          ],
          [
            26.67943,
            39.56464
          ],
          [
            26.6577,
            39.56333
          ],
          [
            26.64041,
            39.56047
          ],
          [
            26.62793,
            39.559339
          ],
          [
            26.61197,
            39.55332
          ],
          [
            26.59469,
            39.55044
          ],
          [
            26.568649,
            39.544149
          ],
          [
            26.558569,
            39.54389
          ],
          [
            26.551902,
            39.543279
          ],
          [
            26.527599,
            39.542359
          ],
          [
            26.514429,
            39.54572
          ],
          [
            26.503119,
            39.54795
          ],
          [
            26.484759,
            39.552139
          ],
          [
            26.47153,
            39.561369
          ],
          [
            26.462649,
            39.56969
          ],
          [
            26.45324,
            39.57601
          ],
          [
            26.445859,
            39.591
          ],
          [
            26.437599,
            39.60069
          ],
          [
            26.43145,
            39.61319
          ],
          [
            26.42459,
            39.630189
          ],
          [
            26.411019,
            39.65768
          ],
          [
            26.393439,
            39.69461
          ],
          [
            26.386759,
            39.710329
          ],
          [
            26.37968,
            39.728619
          ],
          [
            26.3764,
            39.738779
          ],
          [
            26.36887,
            39.75442
          ],
          [
            26.36656,
            39.769239
          ],
          [
            26.3613,
            39.78117
          ],
          [
            26.35721,
            39.79648
          ],
          [
            26.348729,
            39.81269
          ],
          [
            26.33891,
            39.832039
          ],
          [
            26.33602,
            39.83962
          ],
          [
            26.33098,
            39.833919
          ],
          [
            26.317259,
            39.82414
          ],
          [
            26.3051,
            39.81515
          ],
          [
            26.293279,
            39.80946
          ],
          [
            26.278019,
            39.804109
          ],
          [
            26.26914,
            39.80131
          ],
          [
            26.25575,
            39.79482
          ],
          [
            26.23653,
            39.78777
          ],
          [
            26.2196,
            39.78224
          ],
          [
            26.19736,
            39.77294
          ],
          [
            26.17418,
            39.764199
          ],
          [
            26.154459,
            39.76035
          ],
          [
            26.1507,
            39.757379
          ],
          [
            26.154301,
            39.751286
          ],
          [
            26.15765,
            39.75135
          ]
        ],
        "type": "LineString"
      },
      "id": "ffc21d83bd5ed86ff1500ebaa6a4f524"
    }
  ],
  "type": "FeatureCollection"
}